category,name,discount,badge,sold,url,image
Personal Care,Guardian Soft & Moisturizing Shower Cream 1L,-30%,,10RB+ terjual,https://shopee.co.id/Guardian-Soft-Moisturizing-Shower-Cream-1L-i.186214521.28983661577?extraParams=%7B%22display_model_id%22%3A99812805979%2C%22model_selection_logic%22%3A3%7D,https://down-id.img.susercontent.com/file/id-11134207-7rbk9-m8ohya53ccnld9
Personal Care,Aeris Beaute The Onyx 2.0 - Single Brush,,,670 terjual,https://shopee.co.id/Aeris-Beaute-The-Onyx-2.0-Single-Brush-i.186214521.25597393741?extraParams=%7B%22display_model_id%22%3A276912813394%2C%22model_selection_logic%22%3A2%7D,https://down-id.img.susercontent.com/file/id-11134207-81ztg-mfnusf2aq0p79c
Personal Care,Eskulin Eau De Parfum Twilight Amour 30ml,,Hadiah Gratis,10RB+ terjual,https://shopee.co.id/Eskulin-Eau-De-Parfum-Twilight-Amour-30ml-i.186214521.44023071826?extraParams=%7B%22display_model_id%22%3A261875500175%2C%22model_selection_logic%22%3A3%7D,https://down-id.img.susercontent.com/file/br-11134275-81z1k-mfj8fw5uij9he6
Personal Care,Moell Baby Nourish Hair Lotion 100Ml,-20%,Pilih Lokal,269 terjual,https://shopee.co.id/Moell-Baby-Nourish-Hair-Lotion-100Ml-i.186214521.24086161967?extraParams=%7B%22display_model_id%22%3A241617879951%2C%22model_selection_logic%22%3A3%7D,https://down-id.img.susercontent.com/file/id-11134201-7r98z-m0b5pwf0cuvbd7
Personal Care,Posh Body Spray Hijab Purple Wish 150Ml,-36%,,10RB+ terjual,https://shopee.co.id/Posh-Body-Spray-Hijab-Purple-Wish-150Ml-i.186214521.19289788851?extraParams=%7B%22display_model_id%22%3A186815744570%2C%22model_selection_logic%22%3A3%7D,https://down-id.img.susercontent.com/file/id-11134201-7qul4-lhycftxmkbf25e
Personal Care,Softex Celana Menstruasi M-L 5s,-20%,,255 terjual,https://shopee.co.id/Softex-Celana-Menstruasi-M-L-5s-i.186214521.44273059206?extraParams=%7B%22display_model_id%22%3A301875290950%2C%22model_selection_logic%22%3A3%7D,https://down-id.img.susercontent.com/file/br-11134275-81z1k-mfj8fy87vrif62
Personal Care,POSH Deo Roll On Brigtening Soft&Smooth Sakura 50ml,-27%,Hadiah Gratis,10RB+ terjual,https://shopee.co.id/POSH-Deo-Roll-On-Brigtening-Soft-Smooth-Sakura-50ml-i.186214521.9390554554?extraParams=%7B%22display_model_id%22%3A94373473623%2C%22model_selection_logic%22%3A3%7D,https://down-id.img.susercontent.com/file/id-11134207-822wu-mnnjnkck6nep79
Personal Care,Natur Conditioner Ginseng 160Ml - Kondisioner Kekuatan Helai Rambut Rontok,-21%,Pilih Lokal,764 terjual,https://shopee.co.id/Natur-Conditioner-Ginseng-160Ml-Kondisioner-Kekuatan-Helai-Rambut-Rontok-i.186214521.10433694528?extraParams=%7B%22display_model_id%22%3A111733457578%2C%22model_selection_logic%22%3A3%7D,https://down-id.img.susercontent.com/file/id-11134207-7rase-m1z01wnivwfh70
Personal Care,Grace and Glow Brightening Sun Body Serum 100Ml,-26%,,10RB+ terjual,https://shopee.co.id/Grace-and-Glow-Brightening-Sun-Body-Serum-100Ml-i.186214521.25677490117?extraParams=%7B%22display_model_id%22%3A119152791074%2C%22model_selection_logic%22%3A3%7D,https://down-id.img.susercontent.com/file/id-11134207-7r98q-luq3ejogb2g7bb
Personal Care,FRES & NATURAL Body Wash Violet Pouch 400ml,-36%,Pilih Lokal,10RB+ terjual,https://shopee.co.id/FRES-NATURAL-Body-Wash-Violet-Pouch-400ml-i.186214521.18473531399?extraParams=%7B%22display_model_id%22%3A165585047313%2C%22model_selection_logic%22%3A3%7D,https://down-id.img.susercontent.com/file/id-11134207-7r98t-lyoj00i5oc2033
Personal Care,POSH Hijab Body Spray Green Blossom 150ml,-36%,,10RB+ terjual,https://shopee.co.id/POSH-Hijab-Body-Spray-Green-Blossom-150ml-i.186214521.23471359331?extraParams=%7B%22display_model_id%22%3A108936296047%2C%22model_selection_logic%22%3A3%7D,https://down-id.img.susercontent.com/file/id-11134201-7qukz-lhycfcdk9a0ke0
Personal Care,POSH Body Spray Blaze Pink 150ml,-36%,Hadiah Gratis,8RB+ terjual,https://shopee.co.id/POSH-Body-Spray-Blaze-Pink-150ml-i.186214521.10933251684?extraParams=%7B%22display_model_id%22%3A101715937069%2C%22model_selection_logic%22%3A3%7D,https://down-id.img.susercontent.com/file/id-11134207-7r98p-lzr268s1ybx7d1
Personal Care,POSH Men Body Spray Green Motion 150ml,-36%,Hadiah Gratis,10RB+ terjual,https://shopee.co.id/POSH-Men-Body-Spray-Green-Motion-150ml-i.186214521.23541454650?extraParams=%7B%22display_model_id%22%3A204270984932%2C%22model_selection_logic%22%3A3%7D,https://down-id.img.susercontent.com/file/id-11134201-7qul2-lg1rgv8ix6w9c9
Personal Care,Guardian Kids Strawberry Yoghurt Head to Toe Wash 750Ml,-20%,Hadiah Gratis,10RB+ terjual,https://shopee.co.id/Guardian-Kids-Strawberry-Yoghurt-Head-to-Toe-Wash-750Ml-i.186214521.25710883179?extraParams=%7B%22display_model_id%22%3A187293785060%2C%22model_selection_logic%22%3A3%7D,https://down-id.img.susercontent.com/file/id-11134207-7r98t-lr2hc9rk6f0da5
Personal Care,Lavojoy Let It Glow Body Wash 300Ml,-11%,,10RB+ terjual,https://shopee.co.id/Lavojoy-Let-It-Glow-Body-Wash-300Ml-i.186214521.24931703761?extraParams=%7B%22display_model_id%22%3A245958350450%2C%22model_selection_logic%22%3A3%7D,https://down-id.img.susercontent.com/file/id-11134207-7r98x-lykl71vtmlzv6c
Personal Care,FRES & NATURAL Body Wash Pink Pouch 400ml,,Pilih Lokal,10RB+ terjual,https://shopee.co.id/FRES-NATURAL-Body-Wash-Pink-Pouch-400ml-i.186214521.16492762197?extraParams=%7B%22display_model_id%22%3A127402206008%2C%22model_selection_logic%22%3A3%7D,https://down-id.img.susercontent.com/file/id-11134207-7r98w-lyyykvr41rs866
Personal Care,POSH Men Body Spray Brown Legacy 150ml,-36%,,10RB+ terjual,https://shopee.co.id/POSH-Men-Body-Spray-Brown-Legacy-150ml-i.186214521.23542267760?extraParams=%7B%22display_model_id%22%3A69657553844%2C%22model_selection_logic%22%3A3%7D,https://down-id.img.susercontent.com/file/id-11134207-7r990-lxwuow44cjy5e4
Personal Care,Guardian Refreshing Body Wash Shower Gel 1L,-30%,Hadiah Gratis,10RB+ terjual,https://shopee.co.id/Guardian-Refreshing-Body-Wash-Shower-Gel-1L-i.186214521.26884950925?extraParams=%7B%22display_model_id%22%3A167146372177%2C%22model_selection_logic%22%3A3%7D,https://down-id.img.susercontent.com/file/id-11134207-7rbke-m90e7v1fmtjxcf
Personal Care,Fres & Natural Sabun Mandi Cair BT21 Love Yourself Pouch 400Ml,-36%,,10RB+ terjual,https://shopee.co.id/Fres-Natural-Sabun-Mandi-Cair-BT21-Love-Yourself-Pouch-400Ml-i.186214521.25931711525?extraParams=%7B%22display_model_id%22%3A255959267126%2C%22model_selection_logic%22%3A3%7D,https://down-id.img.susercontent.com/file/id-11134201-7r98s-lw47zwuu5unv54
Personal Care,Loluna Hair Lotion 110ml - Losion Rambut Bayi dan Anak / Menutrisi Rambut Bayi / Perawatan Rambut / Menyuburkan Rambut Bayi,-10%,Hadiah Gratis,71 terjual,https://shopee.co.id/Loluna-Hair-Lotion-110ml-Losion-Rambut-Bayi-dan-Anak-Menutrisi-Rambut-Bayi-Perawatan-Rambut-Menyuburkan-Rambut-Bayi-i.186214521.54303969001?extraParams=%7B%22display_model_id%22%3A415377533731%2C%22model_selection_logic%22%3A3%7D,https://down-id.img.susercontent.com/file/id-11134275-8224v-miwmhk88abcz06
Personal Care,ELLIPS Vitamin Hair Mist Sweet & Silky 100ml,-26%,Pilih Lokal,10RB+ terjual,https://shopee.co.id/ELLIPS-Vitamin-Hair-Mist-Sweet-Silky-100ml-i.186214521.19379734472?extraParams=%7B%22display_model_id%22%3A118087025088%2C%22model_selection_logic%22%3A3%7D,https://down-id.img.susercontent.com/file/id-11134201-7qul6-lg1rh4q31d0p8f
Personal Care,PANTENE Shampoo Anti Ketombe 400Ml,-20%,Hadiah Gratis,424 terjual,https://shopee.co.id/PANTENE-Shampoo-Anti-Ketombe-400Ml-i.186214521.3784246009?extraParams=%7B%22display_model_id%22%3A44552721911%2C%22model_selection_logic%22%3A3%7D,https://down-id.img.susercontent.com/file/id-11134201-7qukx-les8us6nda3o7e
Personal Care,LIFEBUOY Cool Fresh 100ml,-26%,,89 terjual,https://shopee.co.id/LIFEBUOY-Cool-Fresh-100ml-i.186214521.9339027549?extraParams=%7B%22display_model_id%22%3A81402958100%2C%22model_selection_logic%22%3A3%7D,https://down-id.img.susercontent.com/file/id-11134201-7qukw-les8yz3oiops35
Personal Care,LISTERINE Cool Mint Antiseptic Mouthwash 250ml,-31%,,10RB+ terjual,https://shopee.co.id/LISTERINE-Cool-Mint-Antiseptic-Mouthwash-250ml-i.186214521.7815935463?extraParams=%7B%22display_model_id%22%3A40591748392%2C%22model_selection_logic%22%3A3%7D,https://down-id.img.susercontent.com/file/id-11134201-7qukz-les8cwzolrbbcd
Personal Care,Lavojoy Hair We Bloom Conditioner 300Ml,-15%,,599 terjual,https://shopee.co.id/Lavojoy-Hair-We-Bloom-Conditioner-300Ml-i.186214521.25381699322?extraParams=%7B%22display_model_id%22%3A240958345471%2C%22model_selection_logic%22%3A3%7D,https://down-id.img.susercontent.com/file/id-11134201-7r98x-lw480f3lgs7h12
Personal Care,Kodomo Baby Wipes Rice Milk 50S x 2 pcs,-26%,,10RB+ terjual,https://shopee.co.id/Kodomo-Baby-Wipes-Rice-Milk-50S-x-2-pcs-i.186214521.9753769834?extraParams=%7B%22display_model_id%22%3A35375732104%2C%22model_selection_logic%22%3A3%7D,https://down-id.img.susercontent.com/file/id-11134207-8224r-ml1geozafuv8b9
Personal Care,Lavojoy So So So Smooth Hair Mask 180Gr - Masker Rambut Lembut Berkilau dan Anti Kusut Frizzy,-15%,Hadiah Gratis,349 terjual,https://shopee.co.id/Lavojoy-So-So-So-Smooth-Hair-Mask-180Gr-Masker-Rambut-Lembut-Berkilau-dan-Anti-Kusut-Frizzy-i.186214521.28528729753?extraParams=%7B%22display_model_id%22%3A233901773319%2C%22model_selection_logic%22%3A3%7D,https://down-id.img.susercontent.com/file/id-11134201-7rbk1-m71xd22fjjvl46
Personal Care,Guardian Facial Tissue 50S,-33%,,10RB+ terjual,https://shopee.co.id/Guardian-Facial-Tissue-50S-i.186214521.15274327613?extraParams=%7B%22display_model_id%22%3A68638778963%2C%22model_selection_logic%22%3A3%7D,https://down-id.img.susercontent.com/file/id-11134201-7quky-les8ifdmaeey07
Personal Care,REJOICE Shampoo Rich 160ml,-10%,,400 terjual,https://shopee.co.id/REJOICE-Shampoo-Rich-160ml-i.186214521.7691468341?extraParams=%7B%22display_model_id%22%3A110579696570%2C%22model_selection_logic%22%3A3%7D,https://down-id.img.susercontent.com/file/id-11134207-7r98p-lyw5ljhlwyko55
Personal Care,KODOMO Shampoo Gel Blueberry Btl 200ml,-35%,Hadiah Gratis,10RB+ terjual,https://shopee.co.id/KODOMO-Shampoo-Gel-Blueberry-Btl-200ml-i.186214521.3584811067?extraParams=%7B%22display_model_id%22%3A44653136486%2C%22model_selection_logic%22%3A3%7D,https://down-id.img.susercontent.com/file/id-11134207-7r98z-lyuppo9uapm0fa
Personal Care,Softex Comfort Night 29cm 18 pads - Pembalut Malam - Spesial Bulan Ungu,-17%,,934 terjual,https://shopee.co.id/Softex-Comfort-Night-29cm-18-pads-Pembalut-Malam-Spesial-Bulan-Ungu-i.186214521.19079449206?extraParams=%7B%22display_model_id%22%3A194270940870%2C%22model_selection_logic%22%3A3%7D,https://down-id.img.susercontent.com/file/id-11134207-81zth-me3x5donh1c5bf
Personal Care,Zinc Shampoo Active Fresh Botol 680Ml,-30%,,10RB+ terjual,https://shopee.co.id/Zinc-Shampoo-Active-Fresh-Botol-680Ml-i.186214521.21289600752?extraParams=%7B%22display_model_id%22%3A196802893699%2C%22model_selection_logic%22%3A3%7D,https://down-id.img.susercontent.com/file/id-11134207-7ra0p-mded4toihkbr63
Personal Care,NINA ANION 24Cm 10S,-30%,,3RB+ terjual,https://shopee.co.id/NINA-ANION-24Cm-10S-i.186214521.10535555343?extraParams=%7B%22display_model_id%22%3A37065393632%2C%22model_selection_logic%22%3A3%7D,https://down-id.img.susercontent.com/file/id-11134201-7qukz-les8sz18phy997
Personal Care,Posh Deo Roll On Anti Stain brightening 50Ml,-27%,,10RB+ terjual,https://shopee.co.id/Posh-Deo-Roll-On-Anti-Stain-brightening-50Ml-i.186214521.11033251655?extraParams=%7B%22display_model_id%22%3A101715937561%2C%22model_selection_logic%22%3A3%7D,https://down-id.img.susercontent.com/file/id-11134207-8224t-mkhv628beih432
Personal Care,DETTOL Antiseptik Cair 245ml,-25%,,562 terjual,https://shopee.co.id/DETTOL-Antiseptik-Cair-245ml-i.186214521.3304628083?extraParams=%7B%22display_model_id%22%3A60591737335%2C%22model_selection_logic%22%3A3%7D,https://down-id.img.susercontent.com/file/id-11134201-7quky-les8xdhwtef19e
Personal Care,Mise en Scene Hello Bubble Hair Color Pewarna Rambut Foam - 7A Ash Taupe Gray,-10%,,1RB+ terjual,https://shopee.co.id/Mise-en-Scene-Hello-Bubble-Hair-Color-Pewarna-Rambut-Foam-7A-Ash-Taupe-Gray-i.186214521.29263551876?extraParams=%7B%22display_model_id%22%3A233303019439%2C%22model_selection_logic%22%3A3%7D,https://down-id.img.susercontent.com/file/id-11134201-7rasa-m150434q19le4a
Personal Care,Slavina Body Lotion Memutihkan Red Opium - Niacinamide Moisturizer Whitening Handbody Wangi Tahan Lama 350Ml,-15%,Hadiah Gratis,278 terjual,https://shopee.co.id/Slavina-Body-Lotion-Memutihkan-Red-Opium-Niacinamide-Moisturizer-Whitening-Handbody-Wangi-Tahan-Lama-350Ml-i.186214521.43200188139?extraParams=%7B%22display_model_id%22%3A248402328754%2C%22model_selection_logic%22%3A3%7D,https://down-id.img.susercontent.com/file/id-11134275-7rbkb-m9imkhmorsod37
Personal Care,Rexona Women Deolotion Tube Seluruh Tubuh Frozen English Pear 50ml,-40%,,202 terjual,https://shopee.co.id/Rexona-Women-Deolotion-Tube-Seluruh-Tubuh-Frozen-English-Pear-50ml-i.186214521.45051701906?extraParams=%7B%22display_model_id%22%3A410154864847%2C%22model_selection_logic%22%3A3%7D,https://down-id.img.susercontent.com/file/id-11134275-82251-mh8iox2id43v06
Personal Care,Softex Daun Sirih + Vitamin E 42cm 8s - Pembalut Daun Sirih Malam,-17%,,240 terjual,https://shopee.co.id/Softex-Daun-Sirih-Vitamin-E-42cm-8s-Pembalut-Daun-Sirih-Malam-i.186214521.25158088858?extraParams=%7B%22display_model_id%22%3A255209933664%2C%22model_selection_logic%22%3A3%7D,https://down-id.img.susercontent.com/file/id-11134207-81ztg-me3x11ah998m10
Personal Care,SELSUN Yellow Double Impact 100ml,-25%,,1RB+ terjual,https://shopee.co.id/SELSUN-Yellow-Double-Impact-100ml-i.186214521.3116295618?extraParams=%7B%22display_model_id%22%3A50591734026%2C%22model_selection_logic%22%3A3%7D,https://down-id.img.susercontent.com/file/id-11134201-7qukz-les8yccvswm95f
Personal Care,Moell Physical Sunscreen SPF 50+ (PA++++) 30Gr,-20%,Pilih Lokal,551 terjual,https://shopee.co.id/Moell-Physical-Sunscreen-SPF-50-(PA-)-30Gr-i.186214521.27261614301?extraParams=%7B%22display_model_id%22%3A241617858738%2C%22model_selection_logic%22%3A3%7D,https://down-id.img.susercontent.com/file/id-11134201-7r98y-m0b5pwfkc1oe1e
Personal Care,Emeron Hair Vitamin Soft & Smooth 6S,-33%,,4RB+ terjual,https://shopee.co.id/Emeron-Hair-Vitamin-Soft-Smooth-6S-i.186214521.26901825375?extraParams=%7B%22display_model_id%22%3A108375078108%2C%22model_selection_logic%22%3A3%7D,https://down-id.img.susercontent.com/file/id-11134201-7r98s-lw47zwvo4mv2e8
Personal Care,ESKULIN Kids Shampoo & Conditioner Smooth&Shiny 200ml,-26%,Hadiah Gratis,5RB+ terjual,https://shopee.co.id/ESKULIN-Kids-Shampoo-Conditioner-Smooth-Shiny-200ml-i.186214521.6916798385?extraParams=%7B%22display_model_id%22%3A60591726935%2C%22model_selection_logic%22%3A3%7D,https://down-id.img.susercontent.com/file/id-11134201-7qukx-les8h1nf25a55b
Personal Care,GIV White Body Wash Sakura Pouch 400Ml,-25%,Pilih Lokal,3RB+ terjual,https://shopee.co.id/GIV-White-Body-Wash-Sakura-Pouch-400Ml-i.186214521.8090764240?extraParams=%7B%22display_model_id%22%3A101777986348%2C%22model_selection_logic%22%3A3%7D,https://down-id.img.susercontent.com/file/id-11134207-7r98u-lwe673kskl4t2e
Personal Care,Ellips Hair Vitamin Pro Keratin Complex 6S,-16%,Pilih Lokal,2RB+ terjual,https://shopee.co.id/Ellips-Hair-Vitamin-Pro-Keratin-Complex-6S-i.186214521.4985157365?extraParams=%7B%22display_model_id%22%3A44737685017%2C%22model_selection_logic%22%3A3%7D,https://down-id.img.susercontent.com/file/id-11134201-7qukz-les8pxxgdc9w98
Personal Care,Softex Comfort Night 36cm 12s - Spesial Bulan Ungu,-17%,,2RB+ terjual,https://shopee.co.id/Softex-Comfort-Night-36cm-12s-Spesial-Bulan-Ungu-i.186214521.23745424286?extraParams=%7B%22display_model_id%22%3A235313432593%2C%22model_selection_logic%22%3A3%7D,https://down-id.img.susercontent.com/file/id-11134207-81ztc-me3wxmxvxceaaf
Personal Care,Guardian Disposable Panties Ladies Xl 5S,-30%,,1RB+ terjual,https://shopee.co.id/Guardian-Disposable-Panties-Ladies-Xl-5S-i.186214521.22828126095?extraParams=%7B%22display_model_id%22%3A69266109911%2C%22model_selection_logic%22%3A3%7D,https://down-id.img.susercontent.com/file/id-11134207-7r98s-lt0idxdga9a598
Personal Care,Giv White Body Wash Smooth & Moist Goats Milk & Almond 400ml,-25%,Hadiah Gratis,4RB+ terjual,https://shopee.co.id/Giv-White-Body-Wash-Smooth-Moist-Goats-Milk-Almond-400ml-i.186214521.47001547557?extraParams=%7B%22display_model_id%22%3A267163784111%2C%22model_selection_logic%22%3A3%7D,https://down-id.img.susercontent.com/file/id-11134275-8224x-mh5obhogrsawcc
Personal Care,Fino Premium Touch Hair Mask 230Gr,-15%,Hadiah Gratis,10RB+ terjual,https://shopee.co.id/Fino-Premium-Touch-Hair-Mask-230Gr-i.186214521.29838888341?extraParams=%7B%22display_model_id%22%3A265780288367%2C%22model_selection_logic%22%3A3%7D,https://down-id.img.susercontent.com/file/id-11134275-7ra0n-mcg90r2ijbha44
Personal Care,MIRAEL Brightening Strawberry Sugar Waxing Kit 250Gr,-15%,,244 terjual,https://shopee.co.id/MIRAEL-Brightening-Strawberry-Sugar-Waxing-Kit-250Gr-i.186214521.27901625673?extraParams=%7B%22display_model_id%22%3A215145534322%2C%22model_selection_logic%22%3A3%7D,https://down-id.img.susercontent.com/file/id-11134201-7r98w-lvyg4f0x0fmlda
Personal Care,Aeris Beaute Cloud Conceal Puff 1pcs,-15%,,473 terjual,https://shopee.co.id/Aeris-Beaute-Cloud-Conceal-Puff-1pcs-i.186214521.41623522482?extraParams=%7B%22display_model_id%22%3A296912330559%2C%22model_selection_logic%22%3A3%7D,https://down-id.img.susercontent.com/file/id-11134207-81ztn-mfnsi1h2ehvxfc
Personal Care,Slavina Body Lotion Endless Blossom - Memutihkan Kulit Niacinamide Moisturizing 350Ml,-15%,,248 terjual,https://shopee.co.id/Slavina-Body-Lotion-Endless-Blossom-Memutihkan-Kulit-Niacinamide-Moisturizing-350Ml-i.186214521.43750178025?extraParams=%7B%22display_model_id%22%3A295014280730%2C%22model_selection_logic%22%3A3%7D,https://down-id.img.susercontent.com/file/id-11134275-7rbk7-m9imkgwbudbvae
Personal Care,Loluna Baby Calming Cream 40ml - Krim Wangi Menenangkan Menghangatkan untuk Bayi dan Anak dengan 5x Ceramide Chamomile Peppermint Ginger,-11%,Hadiah Gratis,113 terjual,https://shopee.co.id/Loluna-Baby-Calming-Cream-40ml-Krim-Wangi-Menenangkan-Menghangatkan-untuk-Bayi-dan-Anak-dengan-5x-Ceramide-Chamomile-Peppermint-Ginger-i.186214521.50403969036?extraParams=%7B%22display_model_id%22%3A385377524981%2C%22model_selection_logic%22%3A3%7D,https://down-id.img.susercontent.com/file/id-11134275-8224s-miwmhjwmy1348d
Personal Care,Systema Pasta Gigi Triple Advance 190gr,-32%,,10RB+ terjual,https://shopee.co.id/Systema-Pasta-Gigi-Triple-Advance-190gr-i.186214521.40770746337?extraParams=%7B%22display_model_id%22%3A224526488038%2C%22model_selection_logic%22%3A3%7D,https://down-id.img.susercontent.com/file/br-11134275-81z1k-mezigni8s45g88
Personal Care,Ellips Hair Mask Pro Keratin Hair Repair Sachet 18gr,-26%,,586 terjual,https://shopee.co.id/Ellips-Hair-Mask-Pro-Keratin-Hair-Repair-Sachet-18gr-i.186214521.51001512040?extraParams=%7B%22display_model_id%22%3A340139436157%2C%22model_selection_logic%22%3A3%7D,https://down-id.img.susercontent.com/file/id-11134275-8224v-mh5obgcnxuktb8
Personal Care,Posh Hijab Roll On Deodoran Refreshing Cool 50 Ml,-27%,Hadiah Gratis,10RB+ terjual,https://shopee.co.id/Posh-Hijab-Roll-On-Deodoran-Refreshing-Cool-50-Ml-i.186214521.24368862841?extraParams=%7B%22display_model_id%22%3A187371557749%2C%22model_selection_logic%22%3A3%7D,https://down-id.img.susercontent.com/file/id-11134207-8224y-mh08mdfp649400
Personal Care,Fres & Natural Sabun Mandi Cair BT21 Yellow in Luv Pouch 400Ml,-36%,Hadiah Gratis,10RB+ terjual,https://shopee.co.id/Fres-Natural-Sabun-Mandi-Cair-BT21-Yellow-in-Luv-Pouch-400Ml-i.186214521.25781694702?extraParams=%7B%22display_model_id%22%3A240957063192%2C%22model_selection_logic%22%3A3%7D,https://down-id.img.susercontent.com/file/id-11134201-7r98t-lw4805fdmcava1
Personal Care,KODOMO Shampoo Gel Strawberry Botol 200ml,-35%,Hadiah Gratis,10RB+ terjual,https://shopee.co.id/KODOMO-Shampoo-Gel-Strawberry-Botol-200ml-i.186214521.11733683575?extraParams=%7B%22display_model_id%22%3A111732996560%2C%22model_selection_logic%22%3A3%7D,https://down-id.img.susercontent.com/file/id-11134207-7r98v-lyuppo9u6hwo49
Personal Care,Pepsodent Nanosoft Silver Charcoal 1s,-25%,,50 terjual,https://shopee.co.id/Pepsodent-Nanosoft-Silver-Charcoal-1s-i.186214521.51401521973?extraParams=%7B%22display_model_id%22%3A430139447223%2C%22model_selection_logic%22%3A3%7D,https://down-id.img.susercontent.com/file/id-11134275-82251-mh5obgaysqoa44
Personal Care,FRES & NATURAL BT21 Persona Blush 100ml,-25%,Hadiah Gratis,10RB+ terjual,https://shopee.co.id/FRES-NATURAL-BT21-Persona-Blush-100ml-i.186214521.3285303033?extraParams=%7B%22display_model_id%22%3A34740655234%2C%22model_selection_logic%22%3A3%7D,https://down-id.img.susercontent.com/file/id-11134207-7ra0u-mbgiir6zxo7a25
Personal Care,Emeron Shampoo BT21 Anti Ketombe 340Ml,-31%,,1RB+ terjual,https://shopee.co.id/Emeron-Shampoo-BT21-Anti-Ketombe-340Ml-i.186214521.43665098118?extraParams=%7B%22display_model_id%22%3A301249210810%2C%22model_selection_logic%22%3A3%7D,https://down-id.img.susercontent.com/file/id-11134275-7ra0o-mdvbmg3gstgoe1
Personal Care,Natur Hair Tonic Aloe Vera 90Ml - Tonik Menebalkan rambut,-20%,Pilih Lokal,475 terjual,https://shopee.co.id/Natur-Hair-Tonic-Aloe-Vera-90Ml-Tonik-Menebalkan-rambut-i.186214521.10233694524?extraParams=%7B%22display_model_id%22%3A77036136424%2C%22model_selection_logic%22%3A3%7D,https://down-id.img.susercontent.com/file/id-11134207-7rasi-m1zjuq704rs84d
Personal Care,Grace and Glow White-B3 Bright Body Gel Serum 100Ml,-15%,,2RB+ terjual,https://shopee.co.id/Grace-and-Glow-White-B3-Bright-Body-Gel-Serum-100Ml-i.186214521.25727484033?extraParams=%7B%22display_model_id%22%3A255740718439%2C%22model_selection_logic%22%3A3%7D,https://down-id.img.susercontent.com/file/id-11134207-822wg-mm9qp17oxwr349
Personal Care,EMERON Hair Vitamin Black & Shine 6X1ml,-33%,,1RB+ terjual,https://shopee.co.id/EMERON-Hair-Vitamin-Black-Shine-6X1ml-i.186214521.9990446302?extraParams=%7B%22display_model_id%22%3A37017990636%2C%22model_selection_logic%22%3A3%7D,https://down-id.img.susercontent.com/file/id-11134201-7qukz-les8vy9lsbb145
Personal Care,Rexona Men Delotion Tube Seluruh Tubuh Arctic Sea 50ml,-40%,,138 terjual,https://shopee.co.id/Rexona-Men-Delotion-Tube-Seluruh-Tubuh-Arctic-Sea-50ml-i.186214521.41426562664?extraParams=%7B%22display_model_id%22%3A405154883108%2C%22model_selection_logic%22%3A3%7D,https://down-id.img.susercontent.com/file/id-11134275-8224z-mh8iowponrpq88
Personal Care,Mise en Scene Hello Bubble Hair Color Pewarna Rambut Foam,-10%,Hadiah Gratis,3RB+ terjual,https://shopee.co.id/Mise-en-Scene-Hello-Bubble-Hair-Color-Pewarna-Rambut-Foam-i.186214521.26363546769?extraParams=%7B%22display_model_id%22%3A370392034948%2C%22model_selection_logic%22%3A3%7D,https://down-id.img.susercontent.com/file/id-11134207-8224x-mj3m9yo9c2df70
Personal Care,Ellips Hair Vitamin Pro Keratin Silky Black Blister 6 Butir,-16%,,674 terjual,https://shopee.co.id/Ellips-Hair-Vitamin-Pro-Keratin-Silky-Black-Blister-6-Butir-i.186214521.54901139171?extraParams=%7B%22display_model_id%22%3A350104087261%2C%22model_selection_logic%22%3A3%7D,https://down-id.img.susercontent.com/file/br-11134275-81z1k-mgw2xy5eylmo6a
Personal Care,ELLIPS Hair Vitamin Smooth & Shiny 50ml,-25%,Pilih Lokal,2RB+ terjual,https://shopee.co.id/ELLIPS-Hair-Vitamin-Smooth-Shiny-50ml-i.186214521.6904531947?extraParams=%7B%22display_model_id%22%3A60591747471%2C%22model_selection_logic%22%3A3%7D,https://down-id.img.susercontent.com/file/id-11134201-7qul0-les8h330ym9pf3
Personal Care,Elips Hair Mask Volume Miracle 20gr,-25%,,461 terjual,https://shopee.co.id/Elips-Hair-Mask-Volume-Miracle-20gr-i.186214521.43476477324?extraParams=%7B%22display_model_id%22%3A340139452631%2C%22model_selection_logic%22%3A3%7D,https://down-id.img.susercontent.com/file/id-11134275-8224o-mh5obg9ywhsdbf
Personal Care,FRES & NATURAL Body Wash Hijab Midnight Secret 400ml,-36%,Pilih Lokal,10RB+ terjual,https://shopee.co.id/FRES-NATURAL-Body-Wash-Hijab-Midnight-Secret-400ml-i.186214521.22324942902?extraParams=%7B%22display_model_id%22%3A175585053590%2C%22model_selection_logic%22%3A3%7D,https://down-id.img.susercontent.com/file/id-11134207-7r990-lz61ez33stewe5
Personal Care,Rejoice Shampoo 3In1 Korean Lavender 150Ml,-10%,,111 terjual,https://shopee.co.id/Rejoice-Shampoo-3In1-Korean-Lavender-150Ml-i.186214521.23683502722?extraParams=%7B%22display_model_id%22%3A207105083266%2C%22model_selection_logic%22%3A3%7D,https://down-id.img.susercontent.com/file/id-11134207-7r98y-lmwx4w9rblzz0c
Personal Care,ELLIPS Vit Shiny Black Blist 6S,-16%,Hadiah Gratis,591 terjual,https://shopee.co.id/ELLIPS-Vit-Shiny-Black-Blist-6S-i.186214521.5340658381?extraParams=%7B%22display_model_id%22%3A40173241413%2C%22model_selection_logic%22%3A3%7D,https://down-id.img.susercontent.com/file/id-11134201-7qukx-les8ofwzetoe54
Personal Care,LAURIER Pantyliner Perfumed 40S,-16%,,635 terjual,https://shopee.co.id/LAURIER-Pantyliner-Perfumed-40S-i.186214521.8590485765?extraParams=%7B%22display_model_id%22%3A101694169198%2C%22model_selection_logic%22%3A3%7D,https://down-id.img.susercontent.com/file/id-11134207-7r98y-lyoj00i5pr1c85
Personal Care,Posh Hijab Chic Roll On Refreshing Green - Deodorant Wangi dan Segar Tahan Lama 50Ml,-27%,,2RB+ terjual,https://shopee.co.id/Posh-Hijab-Chic-Roll-On-Refreshing-Green-Deodorant-Wangi-dan-Segar-Tahan-Lama-50Ml-i.186214521.40311583198?extraParams=%7B%22display_model_id%22%3A305971567760%2C%22model_selection_logic%22%3A3%7D,https://down-id.img.susercontent.com/file/id-11134275-7ra0n-md06jossecoo9f
Personal Care,Ciptadent Pasta Gigi Whitening Maxi White 190Gr,-20%,,3RB+ terjual,https://shopee.co.id/Ciptadent-Pasta-Gigi-Whitening-Maxi-White-190Gr-i.186214521.14697697068?extraParams=%7B%22display_model_id%22%3A194376024480%2C%22model_selection_logic%22%3A3%7D,https://down-id.img.susercontent.com/file/id-11134207-8224q-mh09gdye7wug74
Personal Care,LAURIER Body Pack Slimguard Day+Night 25 Cm + 35 Cm,-20%,,1RB+ terjual,https://shopee.co.id/LAURIER-Body-Pack-Slimguard-Day-Night-25-Cm-35-Cm-i.186214521.6118332491?extraParams=%7B%22display_model_id%22%3A70591746728%2C%22model_selection_logic%22%3A3%7D,https://down-id.img.susercontent.com/file/id-11134201-7qukz-les8kjnyngdp31
Personal Care,LIFEBUOY Totalprotect 100ml,-26%,,140 terjual,https://shopee.co.id/LIFEBUOY-Totalprotect-100ml-i.186214521.7385045978?extraParams=%7B%22display_model_id%22%3A44715210735%2C%22model_selection_logic%22%3A3%7D,https://down-id.img.susercontent.com/file/id-11134201-7quky-les8ejcd7o69a2
Personal Care,POSH Men Body Spray Red Extreme 150ml,-36%,Hadiah Gratis,10RB+ terjual,https://shopee.co.id/POSH-Men-Body-Spray-Red-Extreme-150ml-i.186214521.4823915909?extraParams=%7B%22display_model_id%22%3A50591724063%2C%22model_selection_logic%22%3A3%7D,https://down-id.img.susercontent.com/file/id-11134201-7qukx-les8qyqciie89a
Personal Care,Bodibreze Phoebe Fragrance Brightening Body Serum,-10%,,36 terjual,https://shopee.co.id/Bodibreze-Phoebe-Fragrance-Brightening-Body-Serum-i.186214521.45304738473?extraParams=%7B%22display_model_id%22%3A259144756412%2C%22model_selection_logic%22%3A2%7D,https://down-id.img.susercontent.com/file/id-11134207-8224y-mjhvyysc43r423
Personal Care,Mirael Brazilian Vanilla Master Grip™ Wax 20 Strips,-15%,,107 terjual,https://shopee.co.id/Mirael-Brazilian-Vanilla-Master-Grip%E2%84%A2-Wax-20-Strips-i.186214521.55450352203?extraParams=%7B%22display_model_id%22%3A267102063974%2C%22model_selection_logic%22%3A3%7D,https://down-id.img.susercontent.com/file/id-11134275-8224s-mgetmf8jzsw926
Personal Care,Nuvo Sabun Mandi Cair Refill Total Protect 800ml,-31%,Hadiah Gratis,10RB+ terjual,https://shopee.co.id/Nuvo-Sabun-Mandi-Cair-Refill-Total-Protect-800ml-i.186214521.21589781969?extraParams=%7B%22display_model_id%22%3A194365900817%2C%22model_selection_logic%22%3A3%7D,https://down-id.img.susercontent.com/file/id-11134207-8224t-mhfkpa838mq0f1
Personal Care,POSH Men Body Spray Black Gold 150ml,-36%,,10RB+ terjual,https://shopee.co.id/POSH-Men-Body-Spray-Black-Gold-150ml-i.186214521.8790554560?extraParams=%7B%22display_model_id%22%3A27313958851%2C%22model_selection_logic%22%3A3%7D,https://down-id.img.susercontent.com/file/id-11134201-7qukw-les92076v8s569
Personal Care,"Natur Conditioner Argan Oil 160Ml - Kondisoner Rambut Rusak, Kering & Bercabang",-21%,Pilih Lokal,282 terjual,https://shopee.co.id/Natur-Conditioner-Argan-Oil-160Ml-Kondisoner-Rambut-Rusak-Kering-Bercabang-i.186214521.10533694673?extraParams=%7B%22display_model_id%22%3A101733468629%2C%22model_selection_logic%22%3A3%7D,https://down-id.img.susercontent.com/file/id-11134207-7rasb-m1z01wnj044tb8
Personal Care,KUNDAL Honey & Macadamia Nature Shampoo Cherry Blossom 500ml,-30%,,718 terjual,https://shopee.co.id/KUNDAL-Honey-Macadamia-Nature-Shampoo-Cherry-Blossom-500ml-i.186214521.8502979797?extraParams=%7B%22display_model_id%22%3A80191708248%2C%22model_selection_logic%22%3A3%7D,https://down-id.img.susercontent.com/file/id-11134207-7qul4-lijriqxlj0cw6b
Personal Care,Bodibreze Leona Fragrance Brightening Body Serum,-10%,,114 terjual,https://shopee.co.id/Bodibreze-Leona-Fragrance-Brightening-Body-Serum-i.186214521.41178042854?extraParams=%7B%22display_model_id%22%3A307335540616%2C%22model_selection_logic%22%3A2%7D,https://down-id.img.susercontent.com/file/id-11134207-8224t-mjhvke8thxc096
Personal Care,POSH Body Spray Fresh Spirit 150ml,,,10RB+ terjual,https://shopee.co.id/POSH-Body-Spray-Fresh-Spirit-150ml-i.186214521.4233988903?extraParams=%7B%22display_model_id%22%3A40591722556%2C%22model_selection_logic%22%3A3%7D,https://down-id.img.susercontent.com/file/id-11134201-7qukx-les8svxz8bhd21
Personal Care,LIFEBUOY Antibacterial Body Wash Sabun Mandi Cair Mild Care 100ml,-26%,,245 terjual,https://shopee.co.id/LIFEBUOY-Antibacterial-Body-Wash-Sabun-Mandi-Cair-Mild-Care-100ml-i.186214521.18120070666?extraParams=%7B%22display_model_id%22%3A181072336207%2C%22model_selection_logic%22%3A3%7D,https://down-id.img.susercontent.com/file/id-11134201-7qukw-les8g3lkw08te6
Personal Care,KODOMO Tooth Brush + Tooth Paste So,-33%,,3RB+ terjual,https://shopee.co.id/KODOMO-Tooth-Brush-Tooth-Paste-So-i.186214521.11233678684?extraParams=%7B%22display_model_id%22%3A101732927711%2C%22model_selection_logic%22%3A3%7D,https://down-id.img.susercontent.com/file/id-11134207-82250-mjdmobvj6dc2c3
Personal Care,Nuvo Family Sabun Mandi Cair Biru Mild Protect - Sabun Cair Antibakterial Pouch 800Ml,-31%,,10RB+ terjual,https://shopee.co.id/Nuvo-Family-Sabun-Mandi-Cair-Biru-Mild-Protect-Sabun-Cair-Antibakterial-Pouch-800Ml-i.186214521.26439515975?extraParams=%7B%22display_model_id%22%3A258707985319%2C%22model_selection_logic%22%3A3%7D,https://down-id.img.susercontent.com/file/id-11134275-7ra0h-md06jot2fcive6
Personal Care,Posh Men Roll On Deodoran Active Cool 50Ml,-27%,,6RB+ terjual,https://shopee.co.id/Posh-Men-Roll-On-Deodoran-Active-Cool-50Ml-i.186214521.24577840489?extraParams=%7B%22display_model_id%22%3A79768145060%2C%22model_selection_logic%22%3A3%7D,https://down-id.img.susercontent.com/file/id-11134207-82252-mh08mdfpabyg4b
Personal Care,Ciptadent Pasta Gigi Maxi Cool Fresh Tube 190Gr,,,6RB+ terjual,https://shopee.co.id/Ciptadent-Pasta-Gigi-Maxi-Cool-Fresh-Tube-190Gr-i.186214521.41370679394?extraParams=%7B%22display_model_id%22%3A271689542487%2C%22model_selection_logic%22%3A3%7D,https://down-id.img.susercontent.com/file/id-11134275-81ztf-mez80fp6siry15
Personal Care,GUARDIAN Essential All Purpose Cotton Tips 100,-23%,,10RB+ terjual,https://shopee.co.id/GUARDIAN-Essential-All-Purpose-Cotton-Tips-100-i.186214521.13985508459?extraParams=%7B%22display_model_id%22%3A161506556573%2C%22model_selection_logic%22%3A3%7D,https://down-id.img.susercontent.com/file/id-11134201-7qukw-les8j8685g3f02
Personal Care,ZINC Shampoo Refreshing Cool Botol 680ml,-30%,Hadiah Gratis,10RB+ terjual,https://shopee.co.id/ZINC-Shampoo-Refreshing-Cool-Botol-680ml-i.186214521.21480646201?extraParams=%7B%22display_model_id%22%3A108107943176%2C%22model_selection_logic%22%3A3%7D,https://down-id.img.susercontent.com/file/id-11134201-7qukw-lhri2vcvy99048
Personal Care,Slavina Body Lotion Spill The Night - Whitening Body Lotion Moisturizer untuk Kulit Kering dan Kusam,-15%,,292 terjual,https://shopee.co.id/Slavina-Body-Lotion-Spill-The-Night-Whitening-Body-Lotion-Moisturizer-untuk-Kulit-Kering-dan-Kusam-i.186214521.43700173277?extraParams=%7B%22display_model_id%22%3A300014359967%2C%22model_selection_logic%22%3A3%7D,https://down-id.img.susercontent.com/file/id-11134275-7rbkd-m9imkgvrv68u2c
Personal Care,Softex Beary Cool Wing 23cm 14s,-30%,,729 terjual,https://shopee.co.id/Softex-Beary-Cool-Wing-23cm-14s-i.186214521.21888667302?extraParams=%7B%22display_model_id%22%3A206740405663%2C%22model_selection_logic%22%3A3%7D,https://down-id.img.susercontent.com/file/id-11134207-81ztq-me3yqputu7t080
Personal Care,Mise en Scene Hello Bubble Hair Color Pewarna Rambut Foam - 3NT Dark Choco,-10%,,1RB+ terjual,https://shopee.co.id/Mise-en-Scene-Hello-Bubble-Hair-Color-Pewarna-Rambut-Foam-3NT-Dark-Choco-i.186214521.29863551916?extraParams=%7B%22display_model_id%22%3A195447400061%2C%22model_selection_logic%22%3A3%7D,https://down-id.img.susercontent.com/file/id-11134201-7rasl-m1503w5w8c3m47
Personal Care,Eskulin Eau De Parfum Enchanted Petals 30ml,-25%,Hadiah Gratis,10RB+ terjual,https://shopee.co.id/Eskulin-Eau-De-Parfum-Enchanted-Petals-30ml-i.186214521.43273059140?extraParams=%7B%22display_model_id%22%3A296875285084%2C%22model_selection_logic%22%3A3%7D,https://down-id.img.susercontent.com/file/id-11134275-81ztg-mfj8fvfqhcll1a
Personal Care,TRESemme Shampoo Keratin Smooth 670ml,-20%,,302 terjual,https://shopee.co.id/TRESemme-Shampoo-Keratin-Smooth-670ml-i.186214521.28541714284?extraParams=%7B%22display_model_id%22%3A291611607641%2C%22model_selection_logic%22%3A3%7D,https://down-id.img.susercontent.com/file/id-11134275-81ztq-mesffcfrme4k7c
Personal Care,Softex Beary Cool Night 36cm 8s,-31%,,387 terjual,https://shopee.co.id/Softex-Beary-Cool-Night-36cm-8s-i.186214521.20389980947?extraParams=%7B%22display_model_id%22%3A194376026168%2C%22model_selection_logic%22%3A3%7D,https://down-id.img.susercontent.com/file/id-11134207-81zth-me3yt1afm9dv50
Personal Care,MAKARIZO Hair Energy Creambath Royal Jelly 60g,-15%,Hadiah Gratis,530 terjual,https://shopee.co.id/MAKARIZO-Hair-Energy-Creambath-Royal-Jelly-60g-i.186214521.3149045553?extraParams=%7B%22display_model_id%22%3A21533138753%2C%22model_selection_logic%22%3A3%7D,https://down-id.img.susercontent.com/file/id-11134207-7r98s-lyw5sl2gps0w70
Personal Care,Fyne ProShield Aqua Barrier Sunscreen Cream 30ml,-30%,,47 terjual,https://shopee.co.id/Fyne-ProShield-Aqua-Barrier-Sunscreen-Cream-30ml-i.186214521.47052838353?extraParams=%7B%22display_model_id%22%3A435271956370%2C%22model_selection_logic%22%3A3%7D,https://down-id.img.susercontent.com/file/id-11134275-82252-mi1fqq9t9ngl84
Personal Care,Rejoice Conditioner 3In1 Korean Lavender 150Ml,-10%,,228 terjual,https://shopee.co.id/Rejoice-Conditioner-3In1-Korean-Lavender-150Ml-i.186214521.22583505236?extraParams=%7B%22display_model_id%22%3A176150166042%2C%22model_selection_logic%22%3A3%7D,https://down-id.img.susercontent.com/file/id-11134207-7r98u-lmwx4w9r7e9z9f
Personal Care,POSH Body Spray Summer Love 150ml,-36%,Hadiah Gratis,10RB+ terjual,https://shopee.co.id/POSH-Body-Spray-Summer-Love-150ml-i.186214521.22871374076?extraParams=%7B%22display_model_id%22%3A137615855134%2C%22model_selection_logic%22%3A3%7D,https://down-id.img.susercontent.com/file/id-11134201-7qula-lhyceh4fzraf5e
Personal Care,Cussons Baby Hair Lotion Almond Oil & Honey 100Ml,-30%,Hadiah Gratis,198 terjual,https://shopee.co.id/Cussons-Baby-Hair-Lotion-Almond-Oil-Honey-100Ml-i.186214521.3685541122?extraParams=%7B%22display_model_id%22%3A25313326715%2C%22model_selection_logic%22%3A3%7D,https://down-id.img.susercontent.com/file/id-11134207-8224t-mkhufad63l6v1a
Personal Care,Ellips Hair Vitamin Pro Keratin Smooth & Silky Blister 6S,-16%,,1RB+ terjual,https://shopee.co.id/Ellips-Hair-Vitamin-Pro-Keratin-Smooth-Silky-Blister-6S-i.186214521.27951825733?extraParams=%7B%22display_model_id%22%3A222866618397%2C%22model_selection_logic%22%3A3%7D,https://down-id.img.susercontent.com/file/id-11134201-7r98r-lw47zpdp3pkw96
Personal Care,Guardian Facial Tissue 200S,-32%,,6RB+ terjual,https://shopee.co.id/Guardian-Facial-Tissue-200S-i.186214521.49000290483?extraParams=%7B%22display_model_id%22%3A282097218852%2C%22model_selection_logic%22%3A3%7D,https://down-id.img.susercontent.com/file/id-11134207-8224r-mgd63i41fcwed4
Personal Care,Ellips Hair Mask Hair Treatment Sachet 20g,-26%,Pilih Lokal,2RB+ terjual,https://shopee.co.id/Ellips-Hair-Mask-Hair-Treatment-Sachet-20g-i.186214521.5840669161?extraParams=%7B%22display_model_id%22%3A21156449549%2C%22model_selection_logic%22%3A3%7D,https://down-id.img.susercontent.com/file/id-11134201-7qul0-les8mai4p1tme8
Personal Care,Guardian Kids Orange Yoghurt Head to Toe Wash 750Ml,-20%,,10RB+ terjual,https://shopee.co.id/Guardian-Kids-Orange-Yoghurt-Head-to-Toe-Wash-750Ml-i.186214521.25710883127?extraParams=%7B%22display_model_id%22%3A187293784991%2C%22model_selection_logic%22%3A3%7D,https://down-id.img.susercontent.com/file/id-11134207-7r992-lr2hc9nejj3xb2
Personal Care,Natur Conditioner Aloevera 160Ml - Kondisioner Kesuburan Rambut,-21%,Pilih Lokal,320 terjual,https://shopee.co.id/Natur-Conditioner-Aloevera-160Ml-Kondisioner-Kesuburan-Rambut-i.186214521.11733695515?extraParams=%7B%22display_model_id%22%3A101733468243%2C%22model_selection_logic%22%3A3%7D,https://down-id.img.susercontent.com/file/id-11134207-7rasj-m1z01wniroq577
Personal Care,Pantene Rinse Off Treatment Shot Goldie 12ml x 4,-21%,,49 terjual,https://shopee.co.id/Pantene-Rinse-Off-Treatment-Shot-Goldie-12ml-x-4-i.186214521.48851711526?extraParams=%7B%22display_model_id%22%3A335154834941%2C%22model_selection_logic%22%3A3%7D,https://down-id.img.susercontent.com/file/id-11134275-8224y-mh8iowmjtfrj82
Personal Care,Softex Pantyliner Softex Beary Cool 15cm 20s,-15%,,76 terjual,https://shopee.co.id/Softex-Pantyliner-Softex-Beary-Cool-15cm-20s-i.186214521.48402273150?extraParams=%7B%22display_model_id%22%3A395218490681%2C%22model_selection_logic%22%3A3%7D,https://down-id.img.susercontent.com/file/id-11134207-8224w-mhlf22uxlog8be
Personal Care,Giv Body Wash Ungu Pouch 400Ml,-25%,Pilih Lokal,3RB+ terjual,https://shopee.co.id/Giv-Body-Wash-Ungu-Pouch-400Ml-i.186214521.11534753325?extraParams=%7B%22display_model_id%22%3A84415743303%2C%22model_selection_logic%22%3A3%7D,https://down-id.img.susercontent.com/file/id-11134207-7rbk9-m93yom8s9oupd5
Personal Care,Ariul Smooth & Pure Refresh Your Day! Deo Tissue 20s,-26%,,108 terjual,https://shopee.co.id/Ariul-Smooth-Pure-Refresh-Your-Day!-Deo-Tissue-20s-i.186214521.40777689451?extraParams=%7B%22display_model_id%22%3A340382118088%2C%22model_selection_logic%22%3A2%7D,https://down-id.img.susercontent.com/file/id-11134207-8224r-miz97cfahqti0c
Personal Care,Natur Hair Tonic Ginseng 90Ml - Tonik Rambut Rontok / Anti Hair Fall / Menguatkan Akar Rambut,-20%,Pilih Lokal,4RB+ terjual,https://shopee.co.id/Natur-Hair-Tonic-Ginseng-90Ml-Tonik-Rambut-Rontok-Anti-Hair-Fall-Menguatkan-Akar-Rambut-i.186214521.9843316694?extraParams=%7B%22display_model_id%22%3A81504622952%2C%22model_selection_logic%22%3A3%7D,https://down-id.img.susercontent.com/file/id-11134207-7rasj-m1zjuq7066coc1
Personal Care,MIRAEL Belgian Chocolate Sugar Waxing Kit 250Gr,-15%,,213 terjual,https://shopee.co.id/MIRAEL-Belgian-Chocolate-Sugar-Waxing-Kit-250Gr-i.186214521.29301620780?extraParams=%7B%22display_model_id%22%3A195145530794%2C%22model_selection_logic%22%3A3%7D,https://down-id.img.susercontent.com/file/id-11134201-7r990-lvyg4b20s4zfc1
Personal Care,CHIEF Water Based Pomade 120g,-35%,,1RB+ terjual,https://shopee.co.id/CHIEF-Water-Based-Pomade-120g-i.186214521.6240663135?extraParams=%7B%22display_model_id%22%3A50173455092%2C%22model_selection_logic%22%3A3%7D,https://down-id.img.susercontent.com/file/id-11134201-7qukx-lephie27l04j88
Personal Care,Posh Men Roll On Deodoran Active Pro 50Ml,-27%,,10RB+ terjual,https://shopee.co.id/Posh-Men-Roll-On-Deodoran-Active-Pro-50Ml-i.186214521.24277841843?extraParams=%7B%22display_model_id%22%3A236289906861%2C%22model_selection_logic%22%3A3%7D,https://down-id.img.susercontent.com/file/id-11134207-8224r-mh08mdfp8xe0ad
Personal Care,GIV Body Shower Pink Pouch 400ml,-25%,Hadiah Gratis,2RB+ terjual,https://shopee.co.id/GIV-Body-Shower-Pink-Pouch-400ml-i.186214521.22771363128?extraParams=%7B%22display_model_id%22%3A39320474316%2C%22model_selection_logic%22%3A3%7D,https://down-id.img.susercontent.com/file/id-11134201-7qul3-lhyce304nlzyf9
Personal Care,Rexona Women Deolotion Tube Seluruh Tubuh Frozen Bloom 50ml,-40%,,48 terjual,https://shopee.co.id/Rexona-Women-Deolotion-Tube-Seluruh-Tubuh-Frozen-Bloom-50ml-i.186214521.40976562637?extraParams=%7B%22display_model_id%22%3A330154869525%2C%22model_selection_logic%22%3A3%7D,https://down-id.img.susercontent.com/file/id-11134275-8224z-mh8iowu4sgspd8
Personal Care,POSH Body Spray Love Song 150ml,-36%,Hadiah Gratis,10RB+ terjual,https://shopee.co.id/POSH-Body-Spray-Love-Song-150ml-i.186214521.9890554568?extraParams=%7B%22display_model_id%22%3A84373473959%2C%22model_selection_logic%22%3A3%7D,https://down-id.img.susercontent.com/file/id-11134207-7r98y-lz4ppv1w2vxk4e
Personal Care,NUVO Liquid Soap Putih Pouch 450ml,-25%,Pilih Lokal,1RB+ terjual,https://shopee.co.id/NUVO-Liquid-Soap-Putih-Pouch-450ml-i.186214521.8343314508?extraParams=%7B%22display_model_id%22%3A64912684344%2C%22model_selection_logic%22%3A3%7D,https://down-id.img.susercontent.com/file/id-11134201-7qukw-les945fdurui3c
Personal Care,Emeron Hair Vitamin Damage Care 6S,-33%,,2RB+ terjual,https://shopee.co.id/Emeron-Hair-Vitamin-Damage-Care-6S-i.186214521.26501820870?extraParams=%7B%22display_model_id%22%3A232866607322%2C%22model_selection_logic%22%3A3%7D,https://down-id.img.susercontent.com/file/id-11134201-7r98q-lw47zwyg0ksg51
Personal Care,Pepsodent Gum Expert Extra Soft Toothbrush - Sikat Gigi Lembut Kepala Kecil Perlindungan Gusi,-31%,,203 terjual,https://shopee.co.id/Pepsodent-Gum-Expert-Extra-Soft-Toothbrush-Sikat-Gigi-Lembut-Kepala-Kecil-Perlindungan-Gusi-i.186214521.56404130697?extraParams=%7B%22display_model_id%22%3A390391818357%2C%22model_selection_logic%22%3A3%7D,https://down-id.img.susercontent.com/file/id-11134207-8224y-mj3ju1hm9gxxbf
Personal Care,Softex Comfort Night 2in1 12 pads,-21%,,64 terjual,https://shopee.co.id/Softex-Comfort-Night-2in1-12-pads-i.186214521.55501513003?extraParams=%7B%22display_model_id%22%3A445139772697%2C%22model_selection_logic%22%3A3%7D,https://down-id.img.susercontent.com/file/id-11134275-8224o-mh5obhyyz5e6d4
Personal Care,ELLIPS Hair Mask Nutri Color 20g,-25%,,1RB+ terjual,https://shopee.co.id/ELLIPS-Hair-Mask-Nutri-Color-20g-i.186214521.7640662607?extraParams=%7B%22display_model_id%22%3A70173401340%2C%22model_selection_logic%22%3A3%7D,https://down-id.img.susercontent.com/file/id-11134201-7qukx-les8djw13fqc7c
Personal Care,Ownskin Gentle Active Guard Antiperspirant Roll On 30ml - The Ultimate Anti-Perspirant mengurangi Keringat & Bau Badan - BarrierCare Whitening-Dokter Approved Anti perspirant Deodoran Mengurangi Keringat,-15%,,36 terjual,https://shopee.co.id/Ownskin-Gentle-Active-Guard-Antiperspirant-Roll-On-30ml-The-Ultimate-Anti-Perspirant-mengurangi-Keringat-Bau-Badan-BarrierCare-Whitening-Dokter-Approved-Anti-perspirant-Deodoran-Mengurangi-Keringat-i.186214521.54153978595?extraParams=%7B%22display_model_id%22%3A302301682389%2C%22model_selection_logic%22%3A3%7D,https://down-id.img.susercontent.com/file/id-11134275-8224p-miwmhjsnxzb498
Personal Care,Cussons Baby Hair Lotion Candle Nut & Celery 100Ml - Losion Rambut Bayi,-31%,Hadiah Gratis,1RB+ terjual,https://shopee.co.id/Cussons-Baby-Hair-Lotion-Candle-Nut-Celery-100Ml-Losion-Rambut-Bayi-i.186214521.8740676430?extraParams=%7B%22display_model_id%22%3A54795414117%2C%22model_selection_logic%22%3A3%7D,https://down-id.img.susercontent.com/file/id-11134207-8224r-mkhufae1tkw3ed
Personal Care,NCO Bloomique EDP - Eau De Perfume Parfum Wanita Vanilla Wangi Tahan Lama 100Ml,-20%,,1RB+ terjual,https://shopee.co.id/NCO-Bloomique-EDP-Eau-De-Perfume-Parfum-Wanita-Vanilla-Wangi-Tahan-Lama-100Ml-i.186214521.28982371010?extraParams=%7B%22display_model_id%22%3A248101316123%2C%22model_selection_logic%22%3A3%7D,https://down-id.img.susercontent.com/file/id-11134275-7rbk7-m8a7ydih7qj13b
Personal Care,Rexona Men Deolotion Tube Seluruh Tubuh Lime Frost 50ml,-40%,,47 terjual,https://shopee.co.id/Rexona-Men-Deolotion-Tube-Seluruh-Tubuh-Lime-Frost-50ml-i.186214521.54951686659?extraParams=%7B%22display_model_id%22%3A292172357788%2C%22model_selection_logic%22%3A3%7D,https://down-id.img.susercontent.com/file/id-11134275-8224y-mh8iowbzqneza8
Personal Care,Softex Beary Cool Night 29cm 10s,-16%,,4RB+ terjual,https://shopee.co.id/Softex-Beary-Cool-Night-29cm-10s-i.186214521.22271359643?extraParams=%7B%22display_model_id%22%3A39320469826%2C%22model_selection_logic%22%3A3%7D,https://down-id.img.susercontent.com/file/id-11134207-81ztf-me3yt1afdtz7dd
Personal Care,Head & Shoulders Shampoo Anti Hairfall 300Ml,-20%,,490 terjual,https://shopee.co.id/Head-Shoulders-Shampoo-Anti-Hairfall-300Ml-i.186214521.14218079128?extraParams=%7B%22display_model_id%22%3A68007927291%2C%22model_selection_logic%22%3A3%7D,https://down-id.img.susercontent.com/file/id-11134207-7ra0i-md056k52untkce
Personal Care,NATUR-E Kapsul 16 Tablets,-20%,,10RB+ terjual,https://shopee.co.id/NATUR-E-Kapsul-16-Tablets-i.186214521.4223875399?extraParams=%7B%22display_model_id%22%3A40591722503%2C%22model_selection_logic%22%3A3%7D,https://down-id.img.susercontent.com/file/id-11134207-81ztc-me81dfqkub5v80
Personal Care,Fres & Natural Love Your Self 100Ml,-25%,,10RB+ terjual,https://shopee.co.id/Fres-Natural-Love-Your-Self-100Ml-i.186214521.6785167924?extraParams=%7B%22display_model_id%22%3A64740670073%2C%22model_selection_logic%22%3A3%7D,https://down-id.img.susercontent.com/file/id-11134207-7ra0r-mbgiir6zuv2e45
Personal Care,LAURIER Healthy Skin 22CM 9S,-19%,,728 terjual,https://shopee.co.id/LAURIER-Healthy-Skin-22CM-9S-i.186214521.11532750437?extraParams=%7B%22display_model_id%22%3A94358631766%2C%22model_selection_logic%22%3A3%7D,https://down-id.img.susercontent.com/file/id-11134207-7r98z-lmx2vg71fnv24f
Personal Care,KODOMO Baby Wipes Aloe Vera 50S x 2 Pcs,-21%,,4RB+ terjual,https://shopee.co.id/KODOMO-Baby-Wipes-Aloe-Vera-50S-x-2-Pcs-i.186214521.9453769943?extraParams=%7B%22display_model_id%22%3A91949286500%2C%22model_selection_logic%22%3A3%7D,https://down-id.img.susercontent.com/file/id-11134207-8224z-ml1geozak2kk5c
Personal Care,Emeron Hair Vitamin Hijab Clean & Fresh - Vitamin Rambut Menutrisi Rambut dan Menghilangkan Bau Apek 6S,-33%,,1RB+ terjual,https://shopee.co.id/Emeron-Hair-Vitamin-Hijab-Clean-Fresh-Vitamin-Rambut-Menutrisi-Rambut-dan-Menghilangkan-Bau-Apek-6S-i.186214521.44211583038?extraParams=%7B%22display_model_id%22%3A275971584600%2C%22model_selection_logic%22%3A3%7D,https://down-id.img.susercontent.com/file/id-11134275-7ra0k-md06jqe82c8411
Personal Care,Mykonos - Utopia Extrait de Parfum 100ml,-8%,Hadiah Gratis,3RB+ terjual,https://shopee.co.id/Mykonos-Utopia-Extrait-de-Parfum-100ml-i.186214521.43169897984?extraParams=%7B%22display_model_id%22%3A296627201240%2C%22model_selection_logic%22%3A3%7D,https://down-id.img.susercontent.com/file/id-11134275-81ztj-methtxcthyww0c
Personal Care,KUNDAL Honey & Macadamia Hair Treatment White Musk 500ml,-30%,,747 terjual,https://shopee.co.id/KUNDAL-Honey-Macadamia-Hair-Treatment-White-Musk-500ml-i.186214521.8702979758?extraParams=%7B%22display_model_id%22%3A62367775328%2C%22model_selection_logic%22%3A3%7D,https://down-id.img.susercontent.com/file/id-11134207-7qul4-lijriqxlde3493
Personal Care,Softex Celana Menstruasi All Size 2 pads - Pembalut Celana - Spesial Bulan Ungu,-15%,,372 terjual,https://shopee.co.id/Softex-Celana-Menstruasi-All-Size-2-pads-Pembalut-Celana-Spesial-Bulan-Ungu-i.186214521.27464846611?extraParams=%7B%22display_model_id%22%3A197900889750%2C%22model_selection_logic%22%3A3%7D,https://down-id.img.susercontent.com/file/id-11134201-7rasf-m1nofq4wme73b0
Personal Care,Issea Lip Butter Balm 15ml,-36%,,318 terjual,https://shopee.co.id/Issea-Lip-Butter-Balm-15ml-i.186214521.44171555678?extraParams=%7B%22display_model_id%22%3A296756846167%2C%22model_selection_logic%22%3A2%7D,https://down-id.img.susercontent.com/file/id-11134207-81ztj-mf3j03mo54wc41
Personal Care,Dettol Bodywash Cool 2x720Ml,-30%,Hadiah Gratis,39 terjual,https://shopee.co.id/Dettol-Bodywash-Cool-2x720Ml-i.186214521.26501625911?extraParams=%7B%22display_model_id%22%3A118373058530%2C%22model_selection_logic%22%3A3%7D,https://down-id.img.susercontent.com/file/id-11134207-822wj-mnwbvitwbvgg8b
Personal Care,GIV Body Wash Hijab Tin & Zaitun Pouch 400ml,-25%,Hadiah Gratis,2RB+ terjual,https://shopee.co.id/GIV-Body-Wash-Hijab-Tin-Zaitun-Pouch-400ml-i.186214521.22171365839?extraParams=%7B%22display_model_id%22%3A225328361302%2C%22model_selection_logic%22%3A3%7D,https://down-id.img.susercontent.com/file/id-11134201-7qukx-lhycfqpx9n1sd3
Personal Care,EMERON Hijab Shampoo Clean & Fresh 340ml,-31%,,579 terjual,https://shopee.co.id/EMERON-Hijab-Shampoo-Clean-Fresh-340ml-i.186214521.9590446333?extraParams=%7B%22display_model_id%22%3A101682566296%2C%22model_selection_logic%22%3A3%7D,https://down-id.img.susercontent.com/file/id-11134201-7qukx-les8xz0bdk592f
Personal Care,Bonvie Coco Hair Oil - Minyak Rambut Scalp & Hair Treatment 30Ml,-15%,,375 terjual,https://shopee.co.id/Bonvie-Coco-Hair-Oil-Minyak-Rambut-Scalp-Hair-Treatment-30Ml-i.186214521.43307009442?extraParams=%7B%22display_model_id%22%3A69920767080%2C%22model_selection_logic%22%3A3%7D,https://down-id.img.susercontent.com/file/id-11134275-7ra0t-mbp19wt8a1qv77
Personal Care,Pantene Conditioner Miracles Biotin Strength Daily Hair Supplement For Hairfall Control 300ml,-20%,Hadiah Gratis,370 terjual,https://shopee.co.id/Pantene-Conditioner-Miracles-Biotin-Strength-Daily-Hair-Supplement-For-Hairfall-Control-300ml-i.186214521.23958066147?extraParams=%7B%22display_model_id%22%3A217106297929%2C%22model_selection_logic%22%3A3%7D,https://down-id.img.susercontent.com/file/id-11134207-7r98s-lmy0l63asccs37
Personal Care,GIV BODY WASH WHITE SMOOTH & BRIGHT BENGKOANG & YOGHURT POUCH 400ml,-25%,Hadiah Gratis,5RB+ terjual,https://shopee.co.id/GIV-BODY-WASH-WHITE-SMOOTH-BRIGHT-BENGKOANG-YOGHURT-POUCH-400ml-i.186214521.22945422036?extraParams=%7B%22display_model_id%22%3A98726996780%2C%22model_selection_logic%22%3A3%7D,https://down-id.img.susercontent.com/file/id-11134207-822wl-mn9ec72vf5ds23
Personal Care,ELLIPS Hair Vitamin Nutri Color 50 Capsules,-25%,Pilih Lokal,881 terjual,https://shopee.co.id/ELLIPS-Hair-Vitamin-Nutri-Color-50-Capsules-i.186214521.6204532683?extraParams=%7B%22display_model_id%22%3A50591746887%2C%22model_selection_logic%22%3A3%7D,https://down-id.img.susercontent.com/file/id-11134201-7qukz-les8k4poj60t3e
Personal Care,Hanasui Brightening Body Serum - Body Serum With Tender Care Symwhite377 + Glutathione 180ml,-26%,,1RB+ terjual,https://shopee.co.id/Hanasui-Brightening-Body-Serum-Body-Serum-With-Tender-Care-Symwhite377-Glutathione-180ml-i.186214521.24833776094?extraParams=%7B%22display_model_id%22%3A89828608790%2C%22model_selection_logic%22%3A2%7D,https://down-id.img.susercontent.com/file/id-11134201-7r98w-lxwgegvx2nwq5b
Personal Care,EMERON Soft & Smooth Shampoo 340ml,-31%,,1RB+ terjual,https://shopee.co.id/EMERON-Soft-Smooth-Shampoo-340ml-i.186214521.10232470828?extraParams=%7B%22display_model_id%22%3A67017931242%2C%22model_selection_logic%22%3A3%7D,https://down-id.img.susercontent.com/file/id-11134207-7r991-lt3qm8bvycsp27
Personal Care,Mykonos Paradise EDP 50Ml,-8%,,680 terjual,https://shopee.co.id/Mykonos-Paradise-EDP-50Ml-i.186214521.20586919115?extraParams=%7B%22display_model_id%22%3A177989600841%2C%22model_selection_logic%22%3A3%7D,https://down-id.img.susercontent.com/file/id-11134207-7r98q-lyozuzw8um087e
Personal Care,Pantene Conditioner Miracles Collagen Repair Daily Hair Supplement For Damage Care 300ml,-20%,,275 terjual,https://shopee.co.id/Pantene-Conditioner-Miracles-Collagen-Repair-Daily-Hair-Supplement-For-Damage-Care-300ml-i.186214521.23358071513?extraParams=%7B%22display_model_id%22%3A119029813739%2C%22model_selection_logic%22%3A3%7D,https://down-id.img.susercontent.com/file/id-11134207-7r98s-lmy0l63awk24ef
Personal Care,Head & Shoulders Shampoo 2-in-1 Varian Smooth and Silky 160Ml,-11%,,43 terjual,https://shopee.co.id/Head-Shoulders-Shampoo-2-in-1-Varian-Smooth-and-Silky-160Ml-i.186214521.27966253617?extraParams=%7B%22display_model_id%22%3A256930054652%2C%22model_selection_logic%22%3A3%7D,https://down-id.img.susercontent.com/file/id-11134201-7rase-m2289san304ab7
Personal Care,Mirael Natural Deodorant Serum - Mengurangi keringat Deo Tawas Roll on | Menahan Bau Badan & Mencerahkan Ketiak 20Ml,-15%,,446 terjual,https://shopee.co.id/Mirael-Natural-Deodorant-Serum-Mengurangi-keringat-Deo-Tawas-Roll-on-Menahan-Bau-Badan-Mencerahkan-Ketiak-20Ml-i.186214521.44100865014?extraParams=%7B%22display_model_id%22%3A270067756088%2C%22model_selection_logic%22%3A3%7D,https://down-id.img.susercontent.com/file/id-11134275-7rbk4-m9r37ky8cykbca
Personal Care,Natur Hair Mask Ginseng 15Ml,-17%,Pilih Lokal,896 terjual,https://shopee.co.id/Natur-Hair-Mask-Ginseng-15Ml-i.186214521.9453761558?extraParams=%7B%22display_model_id%22%3A110178200001%2C%22model_selection_logic%22%3A3%7D,https://down-id.img.susercontent.com/file/id-11134207-7rasi-m1z01wniuhew05
Personal Care,LUX Mood Library: Peaceful Galaxy Liquid Shower Gel,-50%,Hadiah Gratis,691 terjual,https://shopee.co.id/LUX-Mood-Library-Peaceful-Galaxy-Liquid-Shower-Gel-i.186214521.41872724668?extraParams=%7B%22display_model_id%22%3A59942756650%2C%22model_selection_logic%22%3A3%7D,https://down-id.img.susercontent.com/file/id-11134207-81ztq-mfddqqb4r4lk7a
Personal Care,Mykonos Satin Blanc Extrait De Parfume 15Ml,-8%,Pilih Lokal,5RB+ terjual,https://shopee.co.id/Mykonos-Satin-Blanc-Extrait-De-Parfume-15Ml-i.186214521.25622055600?extraParams=%7B%22display_model_id%22%3A39759311664%2C%22model_selection_logic%22%3A3%7D,https://down-id.img.susercontent.com/file/id-11134201-7r98z-ltlt9w098kpb10
Personal Care,POSH Hijab Body Spray Winter Magic 150ml,-36%,Hadiah Gratis,10RB+ terjual,https://shopee.co.id/POSH-Hijab-Body-Spray-Winter-Magic-150ml-i.186214521.23645419794?extraParams=%7B%22display_model_id%22%3A214365892003%2C%22model_selection_logic%22%3A3%7D,https://down-id.img.susercontent.com/file/id-11134201-7qul5-lhycfglw2d4a03
Personal Care,Fres & Natural Spray Cologne BT 21 My Unifres Botol 100 ml,-25%,,10RB+ terjual,https://shopee.co.id/Fres-Natural-Spray-Cologne-BT-21-My-Unifres-Botol-100-ml-i.186214521.8767165515?extraParams=%7B%22display_model_id%22%3A75951942327%2C%22model_selection_logic%22%3A3%7D,https://down-id.img.susercontent.com/file/id-11134207-81zth-mfhmuoovtq19d6
Personal Care,Mise en Scene Hello Bleach Primer Bubble - Bleaching Rambut Primer Bubble Foam,-10%,,1RB+ terjual,https://shopee.co.id/Mise-en-Scene-Hello-Bleach-Primer-Bubble-Bleaching-Rambut-Primer-Bubble-Foam-i.186214521.26513556496?extraParams=%7B%22display_model_id%22%3A241742548730%2C%22model_selection_logic%22%3A3%7D,https://down-id.img.susercontent.com/file/id-11134201-7rasf-m150437hx7hh2a
Personal Care,MOMAMI Baby Wipes Pacifier&Bottle 30S,-20%,,366 terjual,https://shopee.co.id/MOMAMI-Baby-Wipes-Pacifier-Bottle-30S-i.186214521.4345094754?extraParams=%7B%22display_model_id%22%3A50505746872%2C%22model_selection_logic%22%3A3%7D,https://down-id.img.susercontent.com/file/id-11134201-7qul0-les8sgyv58e3c1
Personal Care,Ciptadent Pasta Gigi New Formula Maxi Complete 5 190Gr,-32%,,3RB+ terjual,https://shopee.co.id/Ciptadent-Pasta-Gigi-New-Formula-Maxi-Complete-5-190Gr-i.186214521.22071360136?extraParams=%7B%22display_model_id%22%3A235328274587%2C%22model_selection_logic%22%3A3%7D,https://down-id.img.susercontent.com/file/id-11134207-8224v-mh09gdyeapzca6
Personal Care,SASHA Toothpaste Whitening 150g,-26%,,10RB+ terjual,https://shopee.co.id/SASHA-Toothpaste-Whitening-150g-i.186214521.9638235403?extraParams=%7B%22display_model_id%22%3A54679375506%2C%22model_selection_logic%22%3A3%7D,https://down-id.img.susercontent.com/file/id-11134201-7qukw-les8xw8febi6be
Personal Care,NIVEA MEN Deodorant Spray Black & White Invisible Original - Deo Anti Noda Baju Wangi Segar 150Ml,-25%,,3RB+ terjual,https://shopee.co.id/NIVEA-MEN-Deodorant-Spray-Black-White-Invisible-Original-Deo-Anti-Noda-Baju-Wangi-Segar-150Ml-i.186214521.5104532705?extraParams=%7B%22display_model_id%22%3A21533153214%2C%22model_selection_logic%22%3A3%7D,https://down-id.img.susercontent.com/file/id-11134207-7ra0i-mbg4dcz1mgeo90
Personal Care,BODIBREZE Phoebe Perfume 30ml - Parfum,-5%,Hadiah Gratis,183 terjual,https://shopee.co.id/BODIBREZE-Phoebe-Perfume-30ml-Parfum-i.186214521.43716798909?extraParams=%7B%22display_model_id%22%3A296387007447%2C%22model_selection_logic%22%3A3%7D,https://down-id.img.susercontent.com/file/br-11134275-81z1k-me41d96qnw1u2e
Personal Care,GUARDIAN Essential Slim Baby Cotton Tips 75,-23%,,10RB+ terjual,https://shopee.co.id/GUARDIAN-Essential-Slim-Baby-Cotton-Tips-75-i.186214521.17938976540?extraParams=%7B%22display_model_id%22%3A58583720298%2C%22model_selection_logic%22%3A3%7D,https://down-id.img.susercontent.com/file/id-11134201-7qukw-les8g9mk2hls47
Personal Care,Bambi Baby Anti Mosquito Lotion 50Ml,-15%,Hadiah Gratis,256 terjual,https://shopee.co.id/Bambi-Baby-Anti-Mosquito-Lotion-50Ml-i.186214521.27108972050?extraParams=%7B%22display_model_id%22%3A178378355329%2C%22model_selection_logic%22%3A3%7D,https://down-id.img.susercontent.com/file/id-11134201-7r98o-lzafkq91ffb946
Personal Care,NCO Amethyst EDP - Eau De Perfume Jasmine Parfum Wanita Wangi Tahan Lama 100Ml,-20%,Hadiah Gratis,652 terjual,https://shopee.co.id/NCO-Amethyst-EDP-Eau-De-Perfume-Jasmine-Parfum-Wanita-Wangi-Tahan-Lama-100Ml-i.186214521.28232359965?extraParams=%7B%22display_model_id%22%3A243101341614%2C%22model_selection_logic%22%3A3%7D,https://down-id.img.susercontent.com/file/id-11134275-7rbk4-m8a7ye6m9tam98
Personal Care,GIV Body Wash Mulberry Pouch 450ml,-25%,Hadiah Gratis,5RB+ terjual,https://shopee.co.id/GIV-Body-Wash-Mulberry-Pouch-450ml-i.186214521.11534753216?extraParams=%7B%22display_model_id%22%3A84415729013%2C%22model_selection_logic%22%3A3%7D,https://down-id.img.susercontent.com/file/id-11134207-7rbka-m93yom8s8aa93d
Personal Care,NIVEA Deodorant Spray Extra Brightening - Deo Wanita Mencerahkan Pencerah Ketiak Wangi 150Ml,-26%,,10RB+ terjual,https://shopee.co.id/NIVEA-Deodorant-Spray-Extra-Brightening-Deo-Wanita-Mencerahkan-Pencerah-Ketiak-Wangi-150Ml-i.186214521.5104532703?extraParams=%7B%22display_model_id%22%3A21533168670%2C%22model_selection_logic%22%3A3%7D,https://down-id.img.susercontent.com/file/id-11134207-7ra0m-mbg4gsomtker4c
Personal Care,EMERON Black & Shine Shampoo 340ml,-31%,Hadiah Gratis,494 terjual,https://shopee.co.id/EMERON-Black-Shine-Shampoo-340ml-i.186214521.11032466590?extraParams=%7B%22display_model_id%22%3A84350741569%2C%22model_selection_logic%22%3A3%7D,https://down-id.img.susercontent.com/file/id-11134201-7qukx-les8qt7yktku84
Personal Care,SAFF & Co. Extrait de Parfum - OSTARA 35 ml,-5%,Pilih Lokal,406 terjual,https://shopee.co.id/SAFF-Co.-Extrait-de-Parfum-OSTARA-35-ml-i.186214521.28877514932?extraParams=%7B%22display_model_id%22%3A159036054636%2C%22model_selection_logic%22%3A3%7D,https://down-id.img.susercontent.com/file/id-11134207-82251-mjdzctj5w64j4b
Personal Care,EMERON Shampoo Hijab Anti Dandruff Habbatussauda 340ml,-31%,Hadiah Gratis,793 terjual,https://shopee.co.id/EMERON-Shampoo-Hijab-Anti-Dandruff-Habbatussauda-340ml-i.186214521.10132470991?extraParams=%7B%22display_model_id%22%3A67017949117%2C%22model_selection_logic%22%3A3%7D,https://down-id.img.susercontent.com/file/id-11134201-7qukz-les8v7jmw1us9a
Personal Care,MOMAMI Baby Wipes Anti Bacterial 30S,-21%,,2RB+ terjual,https://shopee.co.id/MOMAMI-Baby-Wipes-Anti-Bacterial-30S-i.186214521.3545190956?extraParams=%7B%22display_model_id%22%3A40505746832%2C%22model_selection_logic%22%3A3%7D,https://down-id.img.susercontent.com/file/id-11134201-7qukw-les8vvda0z7953
Personal Care,KUNDAL Honey & Macadamia Nature Shampoo White Musk 500ml,-30%,,1RB+ terjual,https://shopee.co.id/KUNDAL-Honey-Macadamia-Nature-Shampoo-White-Musk-500ml-i.186214521.3868713858?extraParams=%7B%22display_model_id%22%3A32367774862%2C%22model_selection_logic%22%3A3%7D,https://down-id.img.susercontent.com/file/id-11134207-7qul8-lijriqxlal4a73
Personal Care,Posh Men Roll On Deodoran Active Sport 50Ml,-27%,Hadiah Gratis,10RB+ terjual,https://shopee.co.id/Posh-Men-Roll-On-Deodoran-Active-Sport-50Ml-i.186214521.24027834887?extraParams=%7B%22display_model_id%22%3A39768811532%2C%22model_selection_logic%22%3A3%7D,https://down-id.img.susercontent.com/file/id-11134207-8224s-mh08mdfp7itk24
Personal Care,Pantene Miracles Intensive Bond Repair Hair Mask 300ml,-25%,,191 terjual,https://shopee.co.id/Pantene-Miracles-Intensive-Bond-Repair-Hair-Mask-300ml-i.186214521.54701162501?extraParams=%7B%22display_model_id%22%3A360105210086%2C%22model_selection_logic%22%3A3%7D,https://down-id.img.susercontent.com/file/id-11134207-8224y-mgzydwamkdmz5b
Personal Care,NUVO Liquid Soap Merah Pouch 400Ml,-25%,Pilih Lokal,1RB+ terjual,https://shopee.co.id/NUVO-Liquid-Soap-Merah-Pouch-400Ml-i.186214521.4486076521?extraParams=%7B%22display_model_id%22%3A74912662206%2C%22model_selection_logic%22%3A3%7D,https://down-id.img.susercontent.com/file/id-11134207-7ra0i-mbg4rs4hy2tica
Personal Care,ELLIPS Hair Vitamin Nutri Color 6S,-16%,,1RB+ terjual,https://shopee.co.id/ELLIPS-Hair-Vitamin-Nutri-Color-6S-i.186214521.6840656696?extraParams=%7B%22display_model_id%22%3A30173226561%2C%22model_selection_logic%22%3A3%7D,https://down-id.img.susercontent.com/file/id-11134201-7qukw-les8h9lrf41p32
Personal Care,PEPSODENT Pasta Gigi Action Charcoal 160g,-30%,,2RB+ terjual,https://shopee.co.id/PEPSODENT-Pasta-Gigi-Action-Charcoal-160g-i.186214521.11832131247?extraParams=%7B%22display_model_id%22%3A101669008166%2C%22model_selection_logic%22%3A3%7D,https://down-id.img.susercontent.com/file/id-11134201-7qukz-les8lfq7qcnb33
Personal Care,FRES & NATURAL Spray Cologne Black 100ml,-25%,Pilih Lokal,10RB+ terjual,https://shopee.co.id/FRES-NATURAL-Spray-Cologne-Black-100ml-i.186214521.8638781473?extraParams=%7B%22display_model_id%22%3A44703687098%2C%22model_selection_logic%22%3A3%7D,https://down-id.img.susercontent.com/file/id-11134207-7ras9-m0slhifjxt702f
Personal Care,Bodibreze Emma Fragrance Brightening Body Serum,-10%,,26 terjual,https://shopee.co.id/Bodibreze-Emma-Fragrance-Brightening-Body-Serum-i.186214521.55654689154?extraParams=%7B%22display_model_id%22%3A370436000453%2C%22model_selection_logic%22%3A2%7D,https://down-id.img.susercontent.com/file/id-11134207-8224t-mjhvke8rmi2rb7
Personal Care,Softex Daun Sirih + Vitamin E 36cm 12 pads - Pembalut Daun Sirih Malam,-6%,,5RB+ terjual,https://shopee.co.id/Softex-Daun-Sirih-Vitamin-E-36cm-12-pads-Pembalut-Daun-Sirih-Malam-i.186214521.6018332486?extraParams=%7B%22display_model_id%22%3A60591746525%2C%22model_selection_logic%22%3A3%7D,https://down-id.img.susercontent.com/file/id-11134207-7qukx-lj2fpv1adw1n62
Personal Care,EMERON Hair Fall Control Shampoo 340ml,-31%,,1RB+ terjual,https://shopee.co.id/EMERON-Hair-Fall-Control-Shampoo-340ml-i.186214521.10332470975?extraParams=%7B%22display_model_id%22%3A111682568995%2C%22model_selection_logic%22%3A3%7D,https://down-id.img.susercontent.com/file/id-11134201-7qul0-les8u0p7ml9xb5
Personal Care,Softex Comfort Night 42cm 8 pads - Pembalut Malam - Spesial Bulan Ungu,-16%,,652 terjual,https://shopee.co.id/Softex-Comfort-Night-42cm-8-pads-Pembalut-Malam-Spesial-Bulan-Ungu-i.186214521.22463635456?extraParams=%7B%22display_model_id%22%3A255209933720%2C%22model_selection_logic%22%3A3%7D,https://down-id.img.susercontent.com/file/id-11134207-81ztm-me3x5dp2t2ivb1
Personal Care,Onix Fragrance Eau de Perfume Mexicola 30Ml,-15%,Pilih Lokal,1RB+ terjual,https://shopee.co.id/Onix-Fragrance-Eau-de-Perfume-Mexicola-30Ml-i.186214521.27164831498?extraParams=%7B%22display_model_id%22%3A256835041729%2C%22model_selection_logic%22%3A3%7D,https://down-id.img.susercontent.com/file/id-11134201-7rasa-m1nogl3hbd152b
Personal Care,DETTOL Wipes Sensitive 10S,-27%,,593 terjual,https://shopee.co.id/DETTOL-Wipes-Sensitive-10S-i.186214521.9570472249?extraParams=%7B%22display_model_id%22%3A36091298100%2C%22model_selection_logic%22%3A3%7D,https://down-id.img.susercontent.com/file/id-11134201-7qukw-leu2owxoxdxa04
Personal Care,Softex Comfort Night 29cm 9 pads - Spesial Bulan Ungu,-13%,,5RB+ terjual,https://shopee.co.id/Softex-Comfort-Night-29cm-9-pads-Spesial-Bulan-Ungu-i.186214521.19688668034?extraParams=%7B%22display_model_id%22%3A235200650286%2C%22model_selection_logic%22%3A3%7D,https://down-id.img.susercontent.com/file/id-11134207-7rbk7-m6dgel4ty9p97e
Personal Care,Softex Daun Sirih + Vitamin E 23cm 20s - Pembalut Daun Sirih Siang,-17%,,5RB+ terjual,https://shopee.co.id/Softex-Daun-Sirih-Vitamin-E-23cm-20s-Pembalut-Daun-Sirih-Siang-i.186214521.10832434281?extraParams=%7B%22display_model_id%22%3A84349849225%2C%22model_selection_logic%22%3A3%7D,https://down-id.img.susercontent.com/file/id-11134207-7qul3-lj2fpv7y6ygd73
Personal Care,RESIK-V Godokan Sirih 100ml,-25%,Pilih Lokal,10RB+ terjual,https://shopee.co.id/RESIK-V-Godokan-Sirih-100ml-i.186214521.7815935429?extraParams=%7B%22display_model_id%22%3A40591748389%2C%22model_selection_logic%22%3A3%7D,https://down-id.img.susercontent.com/file/id-11134207-7rbk8-m7hcu1gbtxvo90
Personal Care,COLGATE Tooth Paste Advanced Whitening 160g,-16%,,409 terjual,https://shopee.co.id/COLGATE-Tooth-Paste-Advanced-Whitening-160g-i.186214521.3315362895?extraParams=%7B%22display_model_id%22%3A60591737353%2C%22model_selection_logic%22%3A3%7D,https://down-id.img.susercontent.com/file/id-11134207-7r992-lv8eywxi2vr17b
Personal Care,LAURIER Healthy Skin 30CM 8S,-16%,,991 terjual,https://shopee.co.id/LAURIER-Healthy-Skin-30CM-8S-i.186214521.11732750459?extraParams=%7B%22display_model_id%22%3A84358615615%2C%22model_selection_logic%22%3A3%7D,https://down-id.img.susercontent.com/file/id-11134207-7r98u-lyoj00i5liyt9c
Personal Care,Elvicto 10PM Extrait de Parfum 35Ml | Parfum Pria Tahan Lama 12 jam,-15%,,635 terjual,https://shopee.co.id/Elvicto-10PM-Extrait-de-Parfum-35Ml-Parfum-Pria-Tahan-Lama-12-jam-i.186214521.28179442996?extraParams=%7B%22display_model_id%22%3A69532070575%2C%22model_selection_logic%22%3A3%7D,https://down-id.img.susercontent.com/file/id-11134201-7rbk0-m7afcr4iloly5a
Personal Care,ELLIPS Hair Vitamin Shiny Black 50 Capsules,-25%,Pilih Lokal,1RB+ terjual,https://shopee.co.id/ELLIPS-Hair-Vitamin-Shiny-Black-50-Capsules-i.186214521.7104533014?extraParams=%7B%22display_model_id%22%3A50591727066%2C%22model_selection_logic%22%3A3%7D,https://down-id.img.susercontent.com/file/id-11134201-7quky-les8g6s68b3p26
Personal Care,GUARDIAN Disposable Panties Ladies L 5S,-30%,,2RB+ terjual,https://shopee.co.id/GUARDIAN-Disposable-Panties-Ladies-L-5S-i.186214521.18574727060?extraParams=%7B%22display_model_id%22%3A193949888814%2C%22model_selection_logic%22%3A3%7D,https://down-id.img.susercontent.com/file/id-11134207-7qul6-lezacaekqgef45
Personal Care,ELLIPS Vit Treatment 6X1ml,-16%,Pilih Lokal,835 terjual,https://shopee.co.id/ELLIPS-Vit-Treatment-6X1ml-i.186214521.7341029575?extraParams=%7B%22display_model_id%22%3A40201051132%2C%22model_selection_logic%22%3A3%7D,https://down-id.img.susercontent.com/file/id-11134201-7qul0-les8em4t4ocd4d
Personal Care,Mise En Scene Perfect Serum Magic Straight Serum 80ml,-10%,,45 terjual,https://shopee.co.id/Mise-En-Scene-Perfect-Serum-Magic-Straight-Serum-80ml-i.186214521.45703984437?extraParams=%7B%22display_model_id%22%3A330377545784%2C%22model_selection_logic%22%3A3%7D,https://down-id.img.susercontent.com/file/id-11134275-82252-miwmhk791wjrf2
Personal Care,LAURIER Healthy Skin 35CM 6S,-15%,,1RB+ terjual,https://shopee.co.id/LAURIER-Healthy-Skin-35CM-6S-i.186214521.11832750293?extraParams=%7B%22display_model_id%22%3A94358632890%2C%22model_selection_logic%22%3A3%7D,https://down-id.img.susercontent.com/file/id-11134207-7r992-lyn26cp6jme824
Personal Care,ELLIPS Hair Mask Smooth & Silky 18g,-26%,,1RB+ terjual,https://shopee.co.id/ELLIPS-Hair-Mask-Smooth-Silky-18g-i.186214521.6140664395?extraParams=%7B%22display_model_id%22%3A30173624342%2C%22model_selection_logic%22%3A3%7D,https://down-id.img.susercontent.com/file/id-11134201-7qukz-les8kdonejvlcc
Personal Care,ELLIPS Hair Vitamin Milkshake 5in1 45ml,-15%,Pilih Lokal,785 terjual,https://shopee.co.id/ELLIPS-Hair-Vitamin-Milkshake-5in1-45ml-i.186214521.23642217879?extraParams=%7B%22display_model_id%22%3A184289409428%2C%22model_selection_logic%22%3A3%7D,https://down-id.img.susercontent.com/file/id-11134201-7qul8-lg1rgvbat47n12
Personal Care,PANTENE Shampo Rambut Rontok 400,-20%,,446 terjual,https://shopee.co.id/PANTENE-Shampo-Rambut-Rontok-400-i.186214521.8535426406?extraParams=%7B%22display_model_id%22%3A54559355903%2C%22model_selection_logic%22%3A3%7D,https://down-id.img.susercontent.com/file/id-11134201-7qukx-les939mafvp1c3
Personal Care,DIANE BONHEUR Damage Repair Grasse Rose Shampoo 500ml,-15%,,190 terjual,https://shopee.co.id/DIANE-BONHEUR-Damage-Repair-Grasse-Rose-Shampoo-500ml-i.186214521.18103296494?extraParams=%7B%22display_model_id%22%3A162815605250%2C%22model_selection_logic%22%3A3%7D,https://down-id.img.susercontent.com/file/id-11134207-7rase-m0sjhw0bcerw44
Personal Care,RESIK-V Sabun Cair Sirih Arm Anggrk 90ml,-21%,,4RB+ terjual,https://shopee.co.id/RESIK-V-Sabun-Cair-Sirih-Arm-Anggrk-90ml-i.186214521.5540667976?extraParams=%7B%22display_model_id%22%3A70173454551%2C%22model_selection_logic%22%3A3%7D,https://down-id.img.susercontent.com/file/id-11134207-7rbkd-m7hcu1gboblwf2
Personal Care,Illiyoon Ceramide Top To Toe Wash 500ml,-10%,,89 terjual,https://shopee.co.id/Illiyoon-Ceramide-Top-To-Toe-Wash-500ml-i.186214521.42373211011?extraParams=%7B%22display_model_id%22%3A281886540840%2C%22model_selection_logic%22%3A3%7D,https://down-id.img.susercontent.com/file/id-11134275-81ztn-mfkvu1ipjytm67
Personal Care,Tsubaki Cool & Repair Shampoo 450Ml,-25%,Hadiah Gratis,340 terjual,https://shopee.co.id/Tsubaki-Cool-Repair-Shampoo-450Ml-i.186214521.26638787184?extraParams=%7B%22display_model_id%22%3A305748570240%2C%22model_selection_logic%22%3A3%7D,https://down-id.img.susercontent.com/file/id-11134275-7ra0r-mcbi74pyndj9b1
Personal Care,Mirael French Lavender Master Grip™ Wax 20 Strips,-15%,Hadiah Gratis,58 terjual,https://shopee.co.id/Mirael-French-Lavender-Master-Grip%E2%84%A2-Wax-20-Strips-i.186214521.47000372153?extraParams=%7B%22display_model_id%22%3A335033420666%2C%22model_selection_logic%22%3A3%7D,https://down-id.img.susercontent.com/file/br-11134275-81z1k-mgetmfjjrbwk4c
Personal Care,"Aveeno Baby Daily Moisture Wash & Shampoo - Sabun & Sampo Bayi Kulit Kering & Sensitif dengan Natural Oatmeal, Fragrance Free & Hypoallergenic 532Ml",-44%,Hadiah Gratis,751 terjual,https://shopee.co.id/Aveeno-Baby-Daily-Moisture-Wash-Shampoo-Sabun-Sampo-Bayi-Kulit-Kering-Sensitif-dengan-Natural-Oatmeal-Fragrance-Free-Hypoallergenic-532Ml-i.186214521.41401416169?extraParams=%7B%22display_model_id%22%3A260115344435%2C%22model_selection_logic%22%3A3%7D,https://down-id.img.susercontent.com/file/id-11134207-82250-mhbk2kjauney36
Personal Care,Hint Cherise Extrait de Parfum - Unisex Perfume 40ml,-30%,,7 terjual,https://shopee.co.id/Hint-Cherise-Extrait-de-Parfum-Unisex-Perfume-40ml-i.186214521.45456357023?extraParams=%7B%22display_model_id%22%3A385572998971%2C%22model_selection_logic%22%3A3%7D,https://down-id.img.susercontent.com/file/br-11134275-81ztz-ml1wehgm0ikhfe
Personal Care,FRES & NATURAL Spray Cologne Dark Green 100ml,-25%,Pilih Lokal,10RB+ terjual,https://shopee.co.id/FRES-NATURAL-Spray-Cologne-Dark-Green-100ml-i.186214521.9938774337?extraParams=%7B%22display_model_id%22%3A74703522957%2C%22model_selection_logic%22%3A3%7D,https://down-id.img.susercontent.com/file/id-11134207-7rash-m0slhifk20wc11
Personal Care,MAKARIZO Hair Energy Creambath Kiwi Extra 60ml,-15%,,187 terjual,https://shopee.co.id/MAKARIZO-Hair-Energy-Creambath-Kiwi-Extra-60ml-i.186214521.5933985098?extraParams=%7B%22display_model_id%22%3A60591746475%2C%22model_selection_logic%22%3A3%7D,https://down-id.img.susercontent.com/file/id-11134201-7qukx-les8lbu3fedja6
Personal Care,Liese Creamy Bubble Hair Color 110ml,-30%,,935 terjual,https://shopee.co.id/Liese-Creamy-Bubble-Hair-Color-110ml-i.186214521.15109437090?extraParams=%7B%22display_model_id%22%3A39949820541%2C%22model_selection_logic%22%3A3%7D,https://down-id.img.susercontent.com/file/id-11134207-8224q-micp4sziiz28cc
Personal Care,LISTERINE Multi Protect Sensitive 250ml,-31%,,517 terjual,https://shopee.co.id/LISTERINE-Multi-Protect-Sensitive-250ml-i.186214521.19688668035?extraParams=%7B%22display_model_id%22%3A127579098838%2C%22model_selection_logic%22%3A3%7D,https://down-id.img.susercontent.com/file/id-11134207-7r98p-lv4507i8ux3c74
Personal Care,Aveeno Baby Dermexa Moisturizing Wash 236Ml,-45%,Hadiah Gratis,1RB+ terjual,https://shopee.co.id/Aveeno-Baby-Dermexa-Moisturizing-Wash-236Ml-i.186214521.24892140284?extraParams=%7B%22display_model_id%22%3A178749690918%2C%22model_selection_logic%22%3A3%7D,https://down-id.img.susercontent.com/file/id-11134207-8224x-mhbgrelkabd7eb
Personal Care,ELLIPS Hair Vit Jar Pro Keratin Hair Repair 50S,-25%,Pilih Lokal,2RB+ terjual,https://shopee.co.id/ELLIPS-Hair-Vit-Jar-Pro-Keratin-Hair-Repair-50S-i.186214521.7240656613?extraParams=%7B%22display_model_id%22%3A40173208842%2C%22model_selection_logic%22%3A3%7D,https://down-id.img.susercontent.com/file/id-11134201-7quky-les8fqv7irwb96
Personal Care,Mykonos - Milk Drops Extrait de Parfum 50ml,-8%,,286 terjual,https://shopee.co.id/Mykonos-Milk-Drops-Extrait-de-Parfum-50ml-i.186214521.44419905561?extraParams=%7B%22display_model_id%22%3A281627140310%2C%22model_selection_logic%22%3A3%7D,https://down-id.img.susercontent.com/file/id-11134275-81ztq-methtxfmilms07
Personal Care,NUVO Liquid Soap Hijau Pouch 400ml,-25%,Pilih Lokal,2RB+ terjual,https://shopee.co.id/NUVO-Liquid-Soap-Hijau-Pouch-400ml-i.186214521.9543316146?extraParams=%7B%22display_model_id%22%3A91504605822%2C%22model_selection_logic%22%3A3%7D,https://down-id.img.susercontent.com/file/id-11134207-8224t-mjxklbkuk8w442
Personal Care,KODOMO Pasta Gigi Anak Rasa Jeruk 45g,-33%,Hadiah Gratis,10RB+ terjual,https://shopee.co.id/KODOMO-Pasta-Gigi-Anak-Rasa-Jeruk-45g-i.186214521.20781031133?extraParams=%7B%22display_model_id%22%3A225328361272%2C%22model_selection_logic%22%3A3%7D,https://down-id.img.susercontent.com/file/id-11134201-7qul0-lhycbtzz71m2b4
Personal Care,BODIBREZE Leona Perfume 30ml - Parfum,-5%,Hadiah Gratis,5RB+ terjual,https://shopee.co.id/BODIBREZE-Leona-Perfume-30ml-Parfum-i.186214521.43016802985?extraParams=%7B%22display_model_id%22%3A281387051974%2C%22model_selection_logic%22%3A3%7D,https://down-id.img.susercontent.com/file/id-11134207-8224z-mif9qo4r0n4838
Personal Care,Erhair Scalperfect BHA & Allantoin Scalp Exfoliating Gel 65Gr,-30%,Pilih Lokal,115 terjual,https://shopee.co.id/Erhair-Scalperfect-BHA-Allantoin-Scalp-Exfoliating-Gel-65Gr-i.186214521.29261631036?extraParams=%7B%22display_model_id%22%3A148797032568%2C%22model_selection_logic%22%3A3%7D,https://down-id.img.susercontent.com/file/id-11134207-822ws-mlptgqvt1u6gca
Personal Care,Mirael Himalayan Mint Master Grip Wax 20 Strips,-15%,,116 terjual,https://shopee.co.id/Mirael-Himalayan-Mint-Master-Grip-Wax-20-Strips-i.186214521.41350860892?extraParams=%7B%22display_model_id%22%3A149183711008%2C%22model_selection_logic%22%3A3%7D,https://down-id.img.susercontent.com/file/id-11134275-7rbk1-m9r37kz2bouqc1
Personal Care,GILLETTE Blue Simple 3 1S,-11%,,1RB+ terjual,https://shopee.co.id/GILLETTE-Blue-Simple-3-1S-i.186214521.12468676665?extraParams=%7B%22display_model_id%22%3A151664709257%2C%22model_selection_logic%22%3A3%7D,https://down-id.img.susercontent.com/file/id-11134207-7r98w-lnwclcb9bo1y00
Personal Care,HEAD & SHOULDERS Shampoo Lemon Segar 400ml,-10%,Hadiah Gratis,197 terjual,https://shopee.co.id/HEAD-SHOULDERS-Shampoo-Lemon-Segar-400ml-i.186214521.13219107393?extraParams=%7B%22display_model_id%22%3A57415946735%2C%22model_selection_logic%22%3A3%7D,https://down-id.img.susercontent.com/file/id-11134207-7r990-lyupl9fapow570
Personal Care,Little Fab Kids Extra Soft & Smooth Hair Serum Limited Edition Kuromi 100Ml,-20%,,33 terjual,https://shopee.co.id/Little-Fab-Kids-Extra-Soft-Smooth-Hair-Serum-Limited-Edition-Kuromi-100Ml-i.186214521.26464842814?extraParams=%7B%22display_model_id%22%3A197900865612%2C%22model_selection_logic%22%3A3%7D,https://down-id.img.susercontent.com/file/id-11134201-7rasl-m1nogcyr7psv27
Personal Care,REJOICE Shampoo Korean Jeju Rose 150ml,-10%,,480 terjual,https://shopee.co.id/REJOICE-Shampoo-Korean-Jeju-Rose-150ml-i.186214521.20201914832?extraParams=%7B%22display_model_id%22%3A135678974805%2C%22model_selection_logic%22%3A3%7D,https://down-id.img.susercontent.com/file/id-11134201-7qukx-les8djr1aqh339
Personal Care,Emeron Shampoo BT21 Anti Hairfall 340Ml,-31%,Hadiah Gratis,3RB+ terjual,https://shopee.co.id/Emeron-Shampoo-BT21-Anti-Hairfall-340Ml-i.186214521.44265106060?extraParams=%7B%22display_model_id%22%3A147923709549%2C%22model_selection_logic%22%3A3%7D,https://down-id.img.susercontent.com/file/id-11134275-7ra0g-mdvbmfr9di0sa4
Personal Care,Mise En Scene Perfect Serum Super Rich 530ml,-10%,Hadiah Gratis,60 terjual,https://shopee.co.id/Mise-En-Scene-Perfect-Serum-Super-Rich-530ml-i.186214521.29443939102?extraParams=%7B%22display_model_id%22%3A405391773189%2C%22model_selection_logic%22%3A3%7D,https://down-id.img.susercontent.com/file/id-11134207-8224p-mj3ju1hm11j9d7
Personal Care,ISWHITE 5% AHA BHA PHA Body Booster Exfoliating Serum with 20000 Encapsulated Saffron 30Ml - Serum untuk Mencerahkan Badan,-15%,Pilih Lokal,28 terjual,https://shopee.co.id/ISWHITE-5-AHA-BHA-PHA-Body-Booster-Exfoliating-Serum-with-20000-Encapsulated-Saffron-30Ml-Serum-untuk-Mencerahkan-Badan-i.186214521.26126642105?extraParams=%7B%22display_model_id%22%3A242669669098%2C%22model_selection_logic%22%3A3%7D,https://down-id.img.susercontent.com/file/id-11134201-7rbk9-m6eto67wgxilb0
Personal Care,REJOICE Shampoo Rich Halus Lembut 450ml,-20%,,145 terjual,https://shopee.co.id/REJOICE-Shampoo-Rich-Halus-Lembut-450ml-i.186214521.23845419207?extraParams=%7B%22display_model_id%22%3A221707692531%2C%22model_selection_logic%22%3A3%7D,https://down-id.img.susercontent.com/file/id-11134201-7qul0-lhyckwxqrexg04
Personal Care,ELLIPS Vitamin Hair Mist Fresh & Smooth 100ml,-26%,Pilih Lokal,10RB+ terjual,https://shopee.co.id/ELLIPS-Vitamin-Hair-Mist-Fresh-Smooth-100ml-i.186214521.19079449147?extraParams=%7B%22display_model_id%22%3A175873860405%2C%22model_selection_logic%22%3A3%7D,https://down-id.img.susercontent.com/file/id-11134207-7r98u-lyxhpvee02egf2
Personal Care,COLGATE Optic White O2 85g Aromatic Menthol Toothpaste,-15%,,704 terjual,https://shopee.co.id/COLGATE-Optic-White-O2-85g-Aromatic-Menthol-Toothpaste-i.186214521.17753746741?extraParams=%7B%22display_model_id%22%3A106333226124%2C%22model_selection_logic%22%3A3%7D,https://down-id.img.susercontent.com/file/id-11134207-7qukx-lezacaeaza9909
Personal Care,HEAD & SHOULDERS Shampoo Bersih & Harum 300ml,-20%,,115 terjual,https://shopee.co.id/HEAD-SHOULDERS-Shampoo-Bersih-Harum-300ml-i.186214521.9538853763?extraParams=%7B%22display_model_id%22%3A91398880811%2C%22model_selection_logic%22%3A3%7D,https://down-id.img.susercontent.com/file/id-11134207-7r98t-lyvpeyadgkrsf5
Personal Care,LAURIER Healthy Skin 25 Cm 14 Pcs,-17%,,2RB+ terjual,https://shopee.co.id/LAURIER-Healthy-Skin-25-Cm-14-Pcs-i.186214521.4015267216?extraParams=%7B%22display_model_id%22%3A70591721378%2C%22model_selection_logic%22%3A3%7D,https://down-id.img.susercontent.com/file/id-11134207-7r991-lyoj00i5k4edb8
Personal Care,MUTOUCH Gm E Lavender & Rosemary 1Lt,-37%,Hadiah Gratis,116 terjual,https://shopee.co.id/MUTOUCH-Gm-E-Lavender-Rosemary-1Lt-i.186214521.3686172170?extraParams=%7B%22display_model_id%22%3A34912683540%2C%22model_selection_logic%22%3A3%7D,https://down-id.img.susercontent.com/file/id-11134207-7rasd-m1cmbkagltwl8c
Personal Care,Ciptadent Pasta Gigi 190Gr,-32%,,7RB+ terjual,https://shopee.co.id/Ciptadent-Pasta-Gigi-190Gr-i.186214521.18874712932?extraParams=%7B%22display_model_id%22%3A156669966835%2C%22model_selection_logic%22%3A3%7D,https://down-id.img.susercontent.com/file/id-11134201-7quky-les8fazmr7nr87
Personal Care,COLGATE Pasta Gigi Total Active Prevention Charcoal Clean 60g,-15%,,1RB+ terjual,https://shopee.co.id/COLGATE-Pasta-Gigi-Total-Active-Prevention-Charcoal-Clean-60g-i.186214521.17694438475?extraParams=%7B%22display_model_id%22%3A184248323532%2C%22model_selection_logic%22%3A3%7D,https://down-id.img.susercontent.com/file/id-11134207-822wh-mn0uzhqpp0jqae
Personal Care,HEAD & SHOULDERS Itchy Scalp Care Shampoo 300ml,-20%,,93 terjual,https://shopee.co.id/HEAD-SHOULDERS-Itchy-Scalp-Care-Shampoo-300ml-i.186214521.11335837463?extraParams=%7B%22display_model_id%22%3A111826985901%2C%22model_selection_logic%22%3A3%7D,https://down-id.img.susercontent.com/file/id-11134201-7qukx-les8o5uw4pj1a7
Personal Care,MOIST DIANE Extra Moist & Shine Hair Mask 150g,-20%,,299 terjual,https://shopee.co.id/MOIST-DIANE-Extra-Moist-Shine-Hair-Mask-150g-i.186214521.14084743955?extraParams=%7B%22display_model_id%22%3A97739784472%2C%22model_selection_logic%22%3A3%7D,https://down-id.img.susercontent.com/file/id-11134201-7qul0-les8j6eoqflz87
Personal Care,KOTEX Fresh Longer & Wider 32 Pcs,-6%,,282 terjual,https://shopee.co.id/KOTEX-Fresh-Longer-Wider-32-Pcs-i.186214521.3515362809?extraParams=%7B%22display_model_id%22%3A40591718810%2C%22model_selection_logic%22%3A3%7D,https://down-id.img.susercontent.com/file/id-11134207-81ztm-me3xpq84dblz41
Personal Care,Tsubaki Premium Volume & Repair Shampoo 450Ml,-15%,,2RB+ terjual,https://shopee.co.id/Tsubaki-Premium-Volume-Repair-Shampoo-450Ml-i.186214521.44008926341?extraParams=%7B%22display_model_id%22%3A270748590104%2C%22model_selection_logic%22%3A3%7D,https://down-id.img.susercontent.com/file/id-11134275-7ra0u-mcbi71k79uit9f
Personal Care,Ellips Hair Mask Smooth & Shiny 20g,-26%,Pilih Lokal,1RB+ terjual,https://shopee.co.id/Ellips-Hair-Mask-Smooth-Shiny-20g-i.186214521.5740669114?extraParams=%7B%22display_model_id%22%3A50173624024%2C%22model_selection_logic%22%3A3%7D,https://down-id.img.susercontent.com/file/id-11134201-7quky-les8mzr3qvlzce
Personal Care,Pepsodent Provibe Electric Toothbrush Starter Kit Pink,-45%,,944 terjual,https://shopee.co.id/Pepsodent-Provibe-Electric-Toothbrush-Starter-Kit-Pink-i.186214521.25342606772?extraParams=%7B%22display_model_id%22%3A215875609890%2C%22model_selection_logic%22%3A3%7D,https://down-id.img.susercontent.com/file/id-11134207-8224z-mif9qo5leviga7
Personal Care,Schwarzkopf Extra Care Anti Hair Loss Shampoo 400ml,-10%,,85 terjual,https://shopee.co.id/Schwarzkopf-Extra-Care-Anti-Hair-Loss-Shampoo-400ml-i.186214521.43923067681?extraParams=%7B%22display_model_id%22%3A266875458500%2C%22model_selection_logic%22%3A3%7D,https://down-id.img.susercontent.com/file/id-11134275-81ztc-mfj8fxqve51m0b
Personal Care,Softex Beary Cool Pliner 18cm 28s,-31%,,3RB+ terjual,https://shopee.co.id/Softex-Beary-Cool-Pliner-18cm-28s-i.186214521.25158088872?extraParams=%7B%22display_model_id%22%3A255209933801%2C%22model_selection_logic%22%3A3%7D,https://down-id.img.susercontent.com/file/id-11134207-81ztc-me3y48o806bo5c
Personal Care,Pepsodent Provibe Electric Toothbrush Starter Kit,-45%,,1RB+ terjual,https://shopee.co.id/Pepsodent-Provibe-Electric-Toothbrush-Starter-Kit-i.186214521.24322053620?extraParams=%7B%22display_model_id%22%3A240572976373%2C%22model_selection_logic%22%3A3%7D,https://down-id.img.susercontent.com/file/id-11134207-8224s-mif9qo5lant438
Personal Care,Hers Protex Daily Comfort Night Pembalut Wanita Cinnamoroll Bag Isi 20+2 pcs,-32%,,10RB+ terjual,https://shopee.co.id/Hers-Protex-Daily-Comfort-Night-Pembalut-Wanita-Cinnamoroll-Bag-Isi-20-2-pcs-i.186214521.28851795223?extraParams=%7B%22display_model_id%22%3A29488517173%2C%22model_selection_logic%22%3A3%7D,https://down-id.img.susercontent.com/file/id-11134201-7r98t-lw480v0a6pwb28
Personal Care,KUNDAL Honey & Macadamia Hair Treatment Cherry Blossom 500ml,-30%,,375 terjual,https://shopee.co.id/KUNDAL-Honey-Macadamia-Hair-Treatment-Cherry-Blossom-500ml-i.186214521.4168618256?extraParams=%7B%22display_model_id%22%3A42367775110%2C%22model_selection_logic%22%3A3%7D,https://down-id.img.susercontent.com/file/id-11134207-7qul5-lijriqxlkeu9c7
Personal Care,Onix Fragrance Eau de Perfume Senoparty 30Ml,-20%,Pilih Lokal,258 terjual,https://shopee.co.id/Onix-Fragrance-Eau-de-Perfume-Senoparty-30Ml-i.186214521.26214827880?extraParams=%7B%22display_model_id%22%3A49477054489%2C%22model_selection_logic%22%3A3%7D,https://down-id.img.susercontent.com/file/id-11134201-7rasa-m1nogl2xc5svce
Personal Care,KUNDAL Scalp Care and Caffeine Shampoo - Baby Powder 500ml,-30%,,1RB+ terjual,https://shopee.co.id/KUNDAL-Scalp-Care-and-Caffeine-Shampoo-Baby-Powder-500ml-i.186214521.21564641903?extraParams=%7B%22display_model_id%22%3A165184378002%2C%22model_selection_logic%22%3A3%7D,https://down-id.img.susercontent.com/file/id-11134201-7qukz-les8bn6fn88hb4
Personal Care,SAFF & Co. Extrait de Parfum - MINOUET 35ML,-5%,,12 terjual,https://shopee.co.id/SAFF-Co.-Extrait-de-Parfum-MINOUET-35ML-i.186214521.50707054506?extraParams=%7B%22display_model_id%22%3A320630543123%2C%22model_selection_logic%22%3A3%7D,https://down-id.img.susercontent.com/file/id-11134275-822wu-mlor85hx49vkc8
Personal Care,Natur Hair Mask Aloevera 15Ml,-17%,Pilih Lokal,365 terjual,https://shopee.co.id/Natur-Hair-Mask-Aloevera-15Ml-i.186214521.8353772924?extraParams=%7B%22display_model_id%22%3A45375853995%2C%22model_selection_logic%22%3A3%7D,https://down-id.img.susercontent.com/file/id-11134207-7rase-m1z01wniq9pka3
Personal Care,ELLIPS Hair Vitamin Blister Vitality 6S,-16%,Pilih Lokal,2RB+ terjual,https://shopee.co.id/ELLIPS-Hair-Vitamin-Blister-Vitality-6S-i.186214521.7540662635?extraParams=%7B%22display_model_id%22%3A40173417321%2C%22model_selection_logic%22%3A3%7D,https://down-id.img.susercontent.com/file/id-11134201-7qul0-les8dxlx0odt78
Personal Care,SYSTEMA Toothbrush Active Clean Soft 2S,-16%,,10RB+ terjual,https://shopee.co.id/SYSTEMA-Toothbrush-Active-Clean-Soft-2S-i.186214521.23128148601?extraParams=%7B%22display_model_id%22%3A117973489634%2C%22model_selection_logic%22%3A3%7D,https://down-id.img.susercontent.com/file/id-11134201-7qukx-les898vdy0snaf
Personal Care,Colgate Optic White O2 Peach Osmanthus 85Gr,-15%,,62 terjual,https://shopee.co.id/Colgate-Optic-White-O2-Peach-Osmanthus-85Gr-i.186214521.29408996481?extraParams=%7B%22display_model_id%22%3A233141858358%2C%22model_selection_logic%22%3A3%7D,https://down-id.img.susercontent.com/file/id-11134201-7r98w-lzafl61kbgvc85
Personal Care,LAURIER Healthy Skin 22 Cm 18S,-10%,,1RB+ terjual,https://shopee.co.id/LAURIER-Healthy-Skin-22-Cm-18S-i.186214521.6633983396?extraParams=%7B%22display_model_id%22%3A50591726712%2C%22model_selection_logic%22%3A3%7D,https://down-id.img.susercontent.com/file/id-11134207-7r98x-lyoj00i5oc3pad
Personal Care,ELLIPS Dry Shampoo Fruity 50ml,-21%,Pilih Lokal,2RB+ terjual,https://shopee.co.id/ELLIPS-Dry-Shampoo-Fruity-50ml-i.186214521.5840669124?extraParams=%7B%22display_model_id%22%3A50173624225%2C%22model_selection_logic%22%3A3%7D,https://down-id.img.susercontent.com/file/id-11134201-7quky-les8mah0s30d1b
Personal Care,Little Fab Kids Lip Shine Limited Edition Kuromi 4Gr,-21%,,162 terjual,https://shopee.co.id/Little-Fab-Kids-Lip-Shine-Limited-Edition-Kuromi-4Gr-i.186214521.28964842839?extraParams=%7B%22display_model_id%22%3A185482804951%2C%22model_selection_logic%22%3A3%7D,https://down-id.img.susercontent.com/file/id-11134201-7rasl-m1nogdudxfto2b
Personal Care,Softex Celana Menstruasi Daun Sirih 2 pads - Pembalut Celana Sirih,-20%,,2RB+ terjual,https://shopee.co.id/Softex-Celana-Menstruasi-Daun-Sirih-2-pads-Pembalut-Celana-Sirih-i.186214521.23645419926?extraParams=%7B%22display_model_id%22%3A231707760071%2C%22model_selection_logic%22%3A3%7D,https://down-id.img.susercontent.com/file/id-11134207-81zte-me3wsjog658g52
Personal Care,Pepsodent Pasta Gigi Kds Toothpaste Strawberry 45g,-29%,,10RB+ terjual,https://shopee.co.id/Pepsodent-Pasta-Gigi-Kds-Toothpaste-Strawberry-45g-i.186214521.23845419190?extraParams=%7B%22display_model_id%22%3A235313432521%2C%22model_selection_logic%22%3A3%7D,https://down-id.img.susercontent.com/file/id-11134207-8224t-ml1tc8qjry10b9
Personal Care,Little Fab Kids Lip Shine Limited Edition Cinnamoroll 4Gr,-21%,,99 terjual,https://shopee.co.id/Little-Fab-Kids-Lip-Shine-Limited-Edition-Cinnamoroll-4Gr-i.186214521.28064837882?extraParams=%7B%22display_model_id%22%3A119294953020%2C%22model_selection_logic%22%3A3%7D,https://down-id.img.susercontent.com/file/id-11134201-7rask-m1nogeniqsl766
Personal Care,PEPSODENT Tooth Brush Dental Care Ul Sl & SO Ipc,-25%,,107 terjual,https://shopee.co.id/PEPSODENT-Tooth-Brush-Dental-Care-Ul-Sl-SO-Ipc-i.186214521.10532127469?extraParams=%7B%22display_model_id%22%3A101669028302%2C%22model_selection_logic%22%3A3%7D,https://down-id.img.susercontent.com/file/id-11134201-7quky-les8t1g36e99b9
Personal Care,Pantene Conditioner Miracles Keratin Glow Daily Hair Supplement 300ml,-20%,,120 terjual,https://shopee.co.id/Pantene-Conditioner-Miracles-Keratin-Glow-Daily-Hair-Supplement-300ml-i.186214521.20585295071?extraParams=%7B%22display_model_id%22%3A177915467509%2C%22model_selection_logic%22%3A3%7D,https://down-id.img.susercontent.com/file/id-11134207-7r98r-lmy0l63apj90cb
Personal Care,MISE EN SCENE Perfect Serum Original Shampoo 200ml,-10%,,969 terjual,https://shopee.co.id/MISE-EN-SCENE-Perfect-Serum-Original-Shampoo-200ml-i.186214521.22514804715?extraParams=%7B%22display_model_id%22%3A156499945251%2C%22model_selection_logic%22%3A3%7D,https://down-id.img.susercontent.com/file/id-11134201-7qukw-les8a972sdjb94
Personal Care,Bonvie  Kemiri Tea Tonic - Hair Tonic Anti Ketombe 60Ml,-15%,,408 terjual,https://shopee.co.id/Bonvie-Kemiri-Tea-Tonic-Hair-Tonic-Anti-Ketombe-60Ml-i.186214521.42757020958?extraParams=%7B%22display_model_id%22%3A243587724307%2C%22model_selection_logic%22%3A3%7D,https://down-id.img.susercontent.com/file/id-11134275-7ra0n-mbp19wrkchildf
Personal Care,Pepsodent Ultra White Teeth Protection Spray 8ml,-40%,,74 terjual,https://shopee.co.id/Pepsodent-Ultra-White-Teeth-Protection-Spray-8ml-i.186214521.52151099856?extraParams=%7B%22display_model_id%22%3A287140877858%2C%22model_selection_logic%22%3A3%7D,https://down-id.img.susercontent.com/file/id-11134275-82250-mgw2xwtzcwsq55
Personal Care,HINT Noble Extrait De Parfum 40Ml,-25%,Pilih Lokal,1RB+ terjual,https://shopee.co.id/HINT-Noble-Extrait-De-Parfum-40Ml-i.186214521.26374307682?extraParams=%7B%22display_model_id%22%3A257529525644%2C%22model_selection_logic%22%3A3%7D,https://down-id.img.susercontent.com/file/id-11134207-7ras8-m5cc5m5qp37mec
Personal Care,Head & Shoulders Shampoo 2-in-1 Varian Smooth and Silky 300Ml,-20%,Hadiah Gratis,37 terjual,https://shopee.co.id/Head-Shoulders-Shampoo-2-in-1-Varian-Smooth-and-Silky-300Ml-i.186214521.24487868076?extraParams=%7B%22display_model_id%22%3A241930058810%2C%22model_selection_logic%22%3A3%7D,https://down-id.img.susercontent.com/file/id-11134201-7rasj-m2289sfwva946a
Personal Care,Little Fab Kids Extra Soft & Smooth Hair Serum Limited Edition Cinnamoroll 100Ml,-20%,,28 terjual,https://shopee.co.id/Little-Fab-Kids-Extra-Soft-Smooth-Hair-Serum-Limited-Edition-Cinnamoroll-100Ml-i.186214521.27664837954?extraParams=%7B%22display_model_id%22%3A233355047348%2C%22model_selection_logic%22%3A3%7D,https://down-id.img.susercontent.com/file/id-11134201-7rasb-m1nogd0f5a2j98
Personal Care,ELLIPS Hair Vit Jar Keratin Slk Blck 50S,-25%,Pilih Lokal,875 terjual,https://shopee.co.id/ELLIPS-Hair-Vit-Jar-Keratin-Slk-Blck-50S-i.186214521.7740662841?extraParams=%7B%22display_model_id%22%3A30173401116%2C%22model_selection_logic%22%3A3%7D,https://down-id.img.susercontent.com/file/id-11134201-7qul0-les8d69r0w4gea
Personal Care,Mutouch Goat's Milk Shower Cream Pearl and Mulberry 1Lt,-30%,Hadiah Gratis,302 terjual,https://shopee.co.id/Mutouch-Goat's-Milk-Shower-Cream-Pearl-and-Mulberry-1Lt-i.186214521.3786172195?extraParams=%7B%22display_model_id%22%3A81504607768%2C%22model_selection_logic%22%3A3%7D,https://down-id.img.susercontent.com/file/id-11134201-7qukz-les8urb0njy696
Personal Care,Wonderlux Instant Showstopper Hair Perfecting Oil 75Ml,-25%,,212 terjual,https://shopee.co.id/Wonderlux-Instant-Showstopper-Hair-Perfecting-Oil-75Ml-i.186214521.19193991245?extraParams=%7B%22display_model_id%22%3A127727756305%2C%22model_selection_logic%22%3A3%7D,https://down-id.img.susercontent.com/file/id-11134201-7rbkd-m8quq4g518wu59
Personal Care,SYSTEMA Toothbrush Smart Clean Soft 3S,-18%,,10RB+ terjual,https://shopee.co.id/SYSTEMA-Toothbrush-Smart-Clean-Soft-3S-i.186214521.23366935544?extraParams=%7B%22display_model_id%22%3A186720738430%2C%22model_selection_logic%22%3A3%7D,https://down-id.img.susercontent.com/file/id-11134201-7qul3-lg1rgt8nucu76f
Personal Care,Pantyliner Softex Daun Sirih + Green Tea Longer & Wider 30 pads - Pantyliner Daun Sirih,-15%,,497 terjual,https://shopee.co.id/Pantyliner-Softex-Daun-Sirih-Green-Tea-Longer-Wider-30-pads-Pantyliner-Daun-Sirih-i.186214521.25158088870?extraParams=%7B%22display_model_id%22%3A255209933799%2C%22model_selection_logic%22%3A3%7D,https://down-id.img.susercontent.com/file/id-11134207-81ztj-me3wxmxw4d8i8e
Personal Care,COLGATE Plax Mouthwash Blue Peppermint Fresh 250ml,-21%,,227 terjual,https://shopee.co.id/COLGATE-Plax-Mouthwash-Blue-Peppermint-Fresh-250ml-i.186214521.3333093935?extraParams=%7B%22display_model_id%22%3A50591717921%2C%22model_selection_logic%22%3A3%7D,https://down-id.img.susercontent.com/file/id-11134201-7quky-les8x8o7vkoqbb
Personal Care,Elvicto Escobar Extrait De Parfum - Parfum Pria Tahan Lama 12 jam 35Ml,,"Pilih 2, bayar Rp150.000",391 terjual,https://shopee.co.id/Elvicto-Escobar-Extrait-De-Parfum-Parfum-Pria-Tahan-Lama-12-jam-35Ml-i.186214521.27082359566?extraParams=%7B%22display_model_id%22%3A258101223650%2C%22model_selection_logic%22%3A3%7D,https://down-id.img.susercontent.com/file/id-11134275-7rbk9-m8a7yfbymo8o88
Personal Care,KUNDAL Cool and Clear Scalp Refreshing Shampoo 500ml,-30%,,426 terjual,https://shopee.co.id/KUNDAL-Cool-and-Clear-Scalp-Refreshing-Shampoo-500ml-i.186214521.23607303960?extraParams=%7B%22display_model_id%22%3A213315809421%2C%22model_selection_logic%22%3A3%7D,https://down-id.img.susercontent.com/file/id-11134201-7quky-les88cftemgt8b
Personal Care,Softex Beary Cool Pliner 15cm 32s,-17%,,1RB+ terjual,https://shopee.co.id/Softex-Beary-Cool-Pliner-15cm-32s-i.186214521.22767759095?extraParams=%7B%22display_model_id%22%3A206740405825%2C%22model_selection_logic%22%3A3%7D,https://down-id.img.susercontent.com/file/id-11134207-81ztp-me3yqput4xkx9c
Personal Care,ABSOLUTE Daily Feminine Hygiene 60ml with Chamomile Extract & Biolacto Active / Pembersih Daerah Kewanitaan Membantu Mengurangi Iritasi Ringan,-20%,,2RB+ terjual,https://shopee.co.id/ABSOLUTE-Daily-Feminine-Hygiene-60ml-with-Chamomile-Extract-Biolacto-Active-Pembersih-Daerah-Kewanitaan-Membantu-Mengurangi-Iritasi-Ringan-i.186214521.7433977468?extraParams=%7B%22display_model_id%22%3A70591727321%2C%22model_selection_logic%22%3A3%7D,https://down-id.img.susercontent.com/file/id-11134201-7qukz-les8ec5hqhq599
Personal Care,MUTOUCH Gm Shower Cream Habbatussauda 1L,-37%,Hadiah Gratis,109 terjual,https://shopee.co.id/MUTOUCH-Gm-Shower-Cream-Habbatussauda-1L-i.186214521.9443314238?extraParams=%7B%22display_model_id%22%3A64912717038%2C%22model_selection_logic%22%3A3%7D,https://down-id.img.susercontent.com/file/id-11134207-7rasl-m0ocexfcd1li2c
Personal Care,ELLIPS Hair Mask Silky Black 18g,-26%,Hadiah Gratis,374 terjual,https://shopee.co.id/ELLIPS-Hair-Mask-Silky-Black-18g-i.186214521.5740669192?extraParams=%7B%22display_model_id%22%3A21156431268%2C%22model_selection_logic%22%3A3%7D,https://down-id.img.susercontent.com/file/id-11134201-7qukx-les8mzp5tpxj84
Personal Care,MISE EN SCENE Perfect Serum Styling Shampoo 530ml,-10%,,579 terjual,https://shopee.co.id/MISE-EN-SCENE-Perfect-Serum-Styling-Shampoo-530ml-i.186214521.23914802379?extraParams=%7B%22display_model_id%22%3A213641055185%2C%22model_selection_logic%22%3A3%7D,https://down-id.img.susercontent.com/file/id-11134201-7qul0-les87tscp83hde
Personal Care,MUTOUCH Goat Milk Shwr Cream Royal Jelly 1Lt,-37%,Hadiah Gratis,88 terjual,https://shopee.co.id/MUTOUCH-Goat-Milk-Shwr-Cream-Royal-Jelly-1Lt-i.186214521.8443314638?extraParams=%7B%22display_model_id%22%3A25418768099%2C%22model_selection_logic%22%3A3%7D,https://down-id.img.susercontent.com/file/id-11134207-7rase-m0ocexfcinva1f
Personal Care,MAKARIZO Hair Energy Creambath Aloe Vera 60,-15%,,394 terjual,https://shopee.co.id/MAKARIZO-Hair-Energy-Creambath-Aloe-Vera-60-i.186214521.3234149928?extraParams=%7B%22display_model_id%22%3A60591737347%2C%22model_selection_logic%22%3A3%7D,https://down-id.img.susercontent.com/file/id-11134201-7qukz-les8xmj3lj6sb2
Personal Care,Ownskin Optima Pro Expert Antiperspirant Roll On 30ml - The Ultimate Anti-Perspirant mengurangi Keringat & Bau Badan BarrierCare Whitening Dokter Approved,-15%,Hadiah Gratis,5 terjual,https://shopee.co.id/Ownskin-Optima-Pro-Expert-Antiperspirant-Roll-On-30ml-The-Ultimate-Anti-Perspirant-mengurangi-Keringat-Bau-Badan-BarrierCare-Whitening-Dokter-Approved-i.186214521.55453978618?extraParams=%7B%22display_model_id%22%3A385377657475%2C%22model_selection_logic%22%3A3%7D,https://down-id.img.susercontent.com/file/id-11134275-82250-miwmhk79k7iad0
Personal Care,PANTENE Shampo Halus & Lembut 400ml,-20%,,109 terjual,https://shopee.co.id/PANTENE-Shampo-Halus-Lembut-400ml-i.186214521.23642217903?extraParams=%7B%22display_model_id%22%3A214289396757%2C%22model_selection_logic%22%3A3%7D,https://down-id.img.susercontent.com/file/id-11134201-7qukx-lg1rgqh1w457f3
Personal Care,Pantene Leave On Treatment Oil 90ml,-10%,,30 terjual,https://shopee.co.id/Pantene-Leave-On-Treatment-Oil-90ml-i.186214521.51051691487?extraParams=%7B%22display_model_id%22%3A297172350350%2C%22model_selection_logic%22%3A3%7D,https://down-id.img.susercontent.com/file/id-11134275-82252-mh8iowib0tfz46
Personal Care,PEPSODENT Tooth Brush Dental Care,-25%,,114 terjual,https://shopee.co.id/PEPSODENT-Tooth-Brush-Dental-Care-i.186214521.10232127662?extraParams=%7B%22display_model_id%22%3A111669007723%2C%22model_selection_logic%22%3A3%7D,https://down-id.img.susercontent.com/file/id-11134201-7quky-les8uojoox8dd9
Personal Care,HEAD & SHOULDERS Shampoo Lemon Segar 300ml,-20%,,241 terjual,https://shopee.co.id/HEAD-SHOULDERS-Shampoo-Lemon-Segar-300ml-i.186214521.4531952443?extraParams=%7B%22display_model_id%22%3A21533167676%2C%22model_selection_logic%22%3A3%7D,https://down-id.img.susercontent.com/file/id-11134201-7qukz-les8rw6jkbohad
Personal Care,SAFF & Co. Extrait de Parfum - OMNIA 30Ml,-5%,Pilih Lokal,261 terjual,https://shopee.co.id/SAFF-Co.-Extrait-de-Parfum-OMNIA-30Ml-i.186214521.27877524442?extraParams=%7B%22display_model_id%22%3A188249865284%2C%22model_selection_logic%22%3A3%7D,https://down-id.img.susercontent.com/file/id-11134201-7rbk2-m6oz2mfgg3ngd7
Personal Care,Mise en Scene Curling Matte Volume Hair Fixer 200ml,-10%,,49 terjual,https://shopee.co.id/Mise-en-Scene-Curling-Matte-Volume-Hair-Fixer-200ml-i.186214521.46301542665?extraParams=%7B%22display_model_id%22%3A420139716402%2C%22model_selection_logic%22%3A3%7D,https://down-id.img.susercontent.com/file/br-11134275-81z1k-mh5obhy6q70nc1
Personal Care,Beverly's Secret Eau De Parfum 100ml,-15%,,51 terjual,https://shopee.co.id/Beverly's-Secret-Eau-De-Parfum-100ml-i.186214521.50051158833?extraParams=%7B%22display_model_id%22%3A292143817761%2C%22model_selection_logic%22%3A3%7D,https://down-id.img.susercontent.com/file/id-11134207-8224u-mgxc147hveh8bd
Personal Care,PANTENE Shampo Hitam & Panjang 400ml,-20%,Hadiah Gratis,82 terjual,https://shopee.co.id/PANTENE-Shampo-Hitam-Panjang-400ml-i.186214521.21888667306?extraParams=%7B%22display_model_id%22%3A231596773893%2C%22model_selection_logic%22%3A3%7D,https://down-id.img.susercontent.com/file/id-11134201-7qukw-lg1rgwkiyy6768
Personal Care,Moell Gentle Sabun Mandi Bayi Anak Kemasan Refill 500gr - Kulit Kering dan Sensitif - Tanpa SLS & Alkohol - Kulit Sensitif dan Kering,-10%,,15 terjual,https://shopee.co.id/Moell-Gentle-Sabun-Mandi-Bayi-Anak-Kemasan-Refill-500gr-Kulit-Kering-dan-Sensitif-Tanpa-SLS-Alkohol-Kulit-Sensitif-dan-Kering-i.186214521.50903426717?extraParams=%7B%22display_model_id%22%3A320329773493%2C%22model_selection_logic%22%3A3%7D,https://down-id.img.susercontent.com/file/id-11134275-8224u-mijmhma47nrc0b
Personal Care,SASHA Toothpaste Herbal Antibacterial 150g,,,10RB+ terjual,https://shopee.co.id/SASHA-Toothpaste-Herbal-Antibacterial-150g-i.186214521.6351906625?extraParams=%7B%22display_model_id%22%3A60967088945%2C%22model_selection_logic%22%3A3%7D,https://down-id.img.susercontent.com/file/id-11134201-7qul0-les8iy8uptpp63
Personal Care,RESIK-V Sabun Cair Sirih S-Wangi 90ml,-21%,Pilih Lokal,1RB+ terjual,https://shopee.co.id/RESIK-V-Sabun-Cair-Sirih-S-Wangi-90ml-i.186214521.7940668453?extraParams=%7B%22display_model_id%22%3A40173535509%2C%22model_selection_logic%22%3A3%7D,https://down-id.img.susercontent.com/file/id-11134207-7rbk8-m7hcu1gbpq6cf0
Personal Care,Mykonos Moroccan Vanilla EDP 15 Ml,-8%,Pilih Lokal,1RB+ terjual,https://shopee.co.id/Mykonos-Moroccan-Vanilla-EDP-15-Ml-i.186214521.25522056692?extraParams=%7B%22display_model_id%22%3A207409337453%2C%22model_selection_logic%22%3A3%7D,https://down-id.img.susercontent.com/file/id-11134201-7r98v-ltlt9vuzg9rlb6
Personal Care,PIERROT Sikat Gigi Orthodontic Refill,-50%,,103 terjual,https://shopee.co.id/PIERROT-Sikat-Gigi-Orthodontic-Refill-i.186214521.3029763076?extraParams=%7B%22display_model_id%22%3A81384357826%2C%22model_selection_logic%22%3A3%7D,https://down-id.img.susercontent.com/file/id-11134201-7qul0-les8zbne725pfd
Personal Care,Azarine Kids Body Wash 300Ml,-15%,Hadiah Gratis,243 terjual,https://shopee.co.id/Azarine-Kids-Body-Wash-300Ml-i.186214521.28903602238?extraParams=%7B%22display_model_id%22%3A218505063384%2C%22model_selection_logic%22%3A3%7D,https://down-id.img.susercontent.com/file/id-11134201-7rbk3-m8quprijyl8t0f
Personal Care,SYSTEMA Toothbrush Nine Degree Sensitive Kemasan Ekonomis Isi 3,-30%,,9RB+ terjual,https://shopee.co.id/SYSTEMA-Toothbrush-Nine-Degree-Sensitive-Kemasan-Ekonomis-Isi-3-i.186214521.22270905121?extraParams=%7B%22display_model_id%22%3A221707692446%2C%22model_selection_logic%22%3A3%7D,https://down-id.img.susercontent.com/file/id-11134201-7qul7-lhycmefmh4d0c9
